system_name,period_days
Kepler-334,25.09849
Kepler-251,30.133001
Kepler-729,3.166353714
Kepler-687,20.50586978
Kepler-119,2.422082
Kepler-1115,23.5540725
Kepler-1073,8.67888593
HD 16175,990.0
Kepler-405,10.613839
KIC 10001893,0.32528
Kepler-899,19.17891293
Kepler-1255,36.2919336
K2-55,2.849258
Kepler-1447,56.6747285
K2-108,4.733999
TOI-220,10.695264
HD 23472,3.97664
HD 215497,566.0
TOI-5726,5.491125215
GJ 338 B,24.422
TOI-2285,13.635109
Kepler-659,17.671796
HD 22946,9.573083
Kepler-1118,38.6715075
Kepler-133,31.517586
Kepler-620,12.91375431
Kepler-92,13.749
HAT-P-51,4.21802091
Kepler-179,2.735926
Kepler-166,7.650254
Kepler-595,12.38602
Kepler-28,8.99
Kepler-210,2.453234
Kepler-782,158.6853308
Kepler-414,7.171
Kepler-238,50.447
Kepler-664,2.525593315
Kepler-1123,4.33946454
Kepler-1098,2.543072855
HAT-P-49,2.69155
XO-4,4.12508
Kepler-1084,2.05333679
Kepler-520,19.67416124
nu Oph,529.93
Kepler-1895,6.070290089
HD 171238,1532.0
Kepler-1669,9.51216
Kepler-339,10.558345
Kepler-351,142.544247
HAT-P-29,5.72319
WASP-12,1.091418901
WASP-54,3.69364
WASP-88,4.954
WASP-100,2.84938
WASP-26,2.7566
WASP-6,3.36101
WASP-47,589.57
Kepler-1373,1.29123275
Kepler-1104,5.03728015
HD 240210,501.75
CoRoT-5,4.0378962
TrES-3,1.30618581
Kepler-51,130.194
HD 207832,1155.7
HAT-P-39,3.54387
Kepler-18,7.64159
Kepler-452,384.843
GJ 3998,2.65033
WASP-46,1.43036763
WASP-79,3.662392
Kepler-46,57.011
Kepler-1499,44.2008
OGLE-TR-111,4.0144463
HAT-P-13,2.91625
HAT-P-13,446.27
MOA-2009-BLG-387L,1980.0
Kepler-18,3.504725
Kepler-18,14.85888
Kepler-33,13.17562
Kepler-32,8.7522
Kepler-166,1.554003928
Kepler-844,2.613020856
Kepler-327,2.549575
Kepler-33,5.66793
Kepler-1455,49.276764
Kepler-353,5.795278
HIP 41378,1114.0
WASP-62,4.41195
TRAPPIST-1,1.510826
WASP-136,5.215357
HD 109749,5.239891
HD 149143,4.07182
HD 231701,141.63
TOI-1683,3.0575356
Kepler-213,2.46236
V830 Tau,4.927
Kepler-52,7.8773565
Kepler-166,34.260281
GJ 1214,1.580404531
HAT-P-26,4.23452
GJ 3634,2.64561
HAT-P-4,3.056536
OGLE-TR-132,1.689868
OGLE-TR-56,1.2119189
Kepler-55,27.9481449
HAT-P-18,5.508023
Kepler-46,33.60134
WTS-1,3.352057
HD 37605,55.01292
HIP 14810,6.673892
HIP 14810,147.747
HD 17674,623.8
HD 20329,0.926118
WASP-5,1.6284279
HAT-P-28,3.257215
47 UMa,1078.0
47 UMa,2391.0
BD-08 2823,237.6
HD 40307,4.3123
HD 40307,51.76
WASP-59,7.919585
HD 190984,4885.0
HIP 14810,981.8
HD 207832,160.07
HD 1605,577.2
Kepler-283,11.008151
HD 33142,330.0
CoRoT-6,8.886593
HD 110014,835.477
HD 103774,5.8881
HD 109271,7.8543
HD 10647,989.2
HD 1605,2149.0
HD 148164,328.55
HD 211810,1558.0
Kepler-356,13.121632
Kepler-968,7.685
NY Vir,3160.0
HIP 5158,345.72
HD 134987,5000.0
WASP-64,1.5732918
PH1,138.317
Kepler-297,38.871826
Kepler-160,30.0
HD 191939,28.579743
PSR B1257+12,25.262
PSR B1257+12,98.2114
Kepler-1178,31.80634
Kepler-805,30.8638931
Kepler-158,0.645088
K2-368,20.201085
HD 148156,1027.0
HD 156411,842.2
HD 8535,1313.0
Kepler-267,3.353728
XO-7,2.8641424
TRAPPIST-1,18.772866
Kepler-834,13.32388301
Kepler-303,1.937055
Kepler-125,4.164389
GJ 674,4.6938
HD 69830,197.0
HD 93083,143.58
K2-61,2.57302
ZTF J1828+2308,0.1120067
GJ 887,21.789
CoRoT-17,3.7681
HD 132563,1544.0
Kepler-14,6.790123
UZ For,1916.25
WASP-1,2.5199454
HD 221287,456.1
HD 47536,712.13
HD 11977,711.0
HD 62509,589.64
WASP-126,3.28883
Kepler-901,3.517494394
Kepler-48,982.0
Kepler-407,3000.0
WASP-121,1.27492504
Kepler-235,46.183669
Kepler-498,9.61375356
WASP-189,2.724033
HD 191939,101.12
HD 93963 A,3.6451389
WASP-123,2.9776412
Kepler-281,36.337373
TOI-1011,2.470498
Kepler-279,35.736
TOI-1439,27.644
Kepler-16,228.776
GJ 1132,8.929
Kepler-128,15.0
L 98-59,3.6906764
Kepler-219,22.714613
Kepler-238,13.233549
Kepler-80,4.64489
Kepler-82,2.382961
WASP-172,5.477433
WASP-17,3.73543
HIP 41378,31.70648
HIP 41378,1084.0
CoRoT-32,6.71837
CoRoT-25,4.86069
HD 205739,279.8
CoRoT-3,4.2568
TOI-1135,8.0277283
HD 112640,613.2
Kepler-1921,20.03479958
MXB 1658-298,760.0
Kepler-954,16.78176602
Kepler-1767,59.65829849
TOI-1736,571.25
Kepler-100,60.888588
Kepler-350,17.849
CoRoT-23,3.6313
Kepler-42,1.2137672
Oph 11,7300000.0
WASP-103,0.925542
TOI-1751,37.46852
TOI-1798,0.437811822
TOI-2068,7.768915
Kepler-293,19.254196
Kepler-319,6.941357
Kepler-51,264.284
Kepler-970,16.736525
Kepler-26,17.2559
HD 9446,30.052
HD 9446,192.9
Kepler-331,17.28111
Kepler-92,26.723
HD 11506,223.92
Kepler-42,0.45328509
Kepler-176,25.751974
Kepler-219,47.903645
Kepler-53,38.5583038
Kepler-82,5.902206
TOI-5817,15.61031
Kepler-49,2.576549
Kepler-1002,4.336429331
Kepler-1752,56.35850143
Kepler-17,1.4857108
Kepler-903,10.3507721
Kepler-276,14.12841
SWEEPS-11,1.796
51 Peg,4.230785
HD 107148,48.056
GJ 876,1.93778
GJ 876,124.26
WASP-31,3.4059096
LTT 9779,0.792052
Kepler-287,20.342199
Kepler-176,5.433074
Kepler-177,36.8601
Kepler-1351,0.916140768
HD 109833,9.188526
HD 220773,3724.7
HD 108147,10.8985
HD 179949,3.092514
HD 188015,461.2
Kepler-31,87.6451
Kepler-603,127.9075774
Kepler-50,7.81254
24 Sex,452.8
24 Sex,883.0
OGLE-2005-BLG-390L,3285.0
HAT-P-16,2.77596
alf Ari,380.8
KOI-55,0.240104
HD 177830,110.9
ups And,1276.46
CoRoT-12,2.828042
CoRoT-13,4.03519
WASP-23,2.9444256
Kepler-281,14.646008
Kepler-276,48.648
Kepler-139,157.072878
Kepler-353,8.410894
Kepler-1805,8.847940445
Kepler-48,42.8961
Kepler-100,6.88734
Kepler-102,27.453592
Kepler-1687,5.77954
GJ 341,7.57686
Kepler-1761,4.043540001
Kepler-988,17.76080053
Kepler-994,1.151166506
HD 46375,3.023573
HD 41004 A,963.0
HD 41004 B,1.3283
Kepler-1014,16.57110363
Kepler-338,24.310856
HD 114783,493.7
HD 19994,466.2
HD 181433,2172.0
HD 196885 A,1333.0
Kepler-34,288.822
Kepler-35,131.458
HD 129445,1840.0
HAT-P-20,2.875317
HAT-P-23,1.212884
Kepler-339,6.988055
Kepler-881,4.44448017
TOI-2411,0.7826942
gam1 Leo,428.5
BD+20 2457,621.99
KELT-1,1.217514
BD+20 274,578.2
Kepler-127,29.393195
Kepler-324,51.805612
Kepler-973,49.6077331
Kepler-402,11.242861
Kepler-467,24.99324193
HAT-P-55,3.5852313
K2-349,9.032178
Kepler-140,3.25427
Kepler-206,7.781987
Kepler-1715,35.59730148
Kepler-161,7.06424
Kepler-122,21.587475
Kepler-450,28.454851
Kepler-1746,321.2120056
Kepler-332,34.21154
Kepler-826,4.48758907
XO-2 N,2.61586178
Kepler-346,23.851549
Kepler-1319,2.886762645
Kepler-1366,2.164570968
Kepler-1868,211.0339966
Kepler-136,11.5789
Kepler-221,2.795906
Kepler-267,6.87745
GJ 414 A,749.83
Kepler-327,13.969457
Kepler-478,13.2217576
Kepler-114,8.041
Kepler-114,5.188549
Kepler-1321,5.720920086
Kepler-186,129.9441
Kepler-1401,11.20066445
Kepler-928,3.932461302
TOI-4443,1.8498567
Kepler-404,14.751166
Kepler-209,41.749882
Kepler-117,50.790391
Kepler-272,2.971353
Kepler-292,3.715335
Kepler-1256,12.4127754
TOI-2580,3.39775
Kepler-644,3.173917103
HATS-24,1.3484978
CFBDSIR J145829+101343,10037.5
Kepler-1487,7.31946363
Kepler-150,30.826557
Kepler-394,12.130686
Kepler-62,122.3874
Kepler-1571,3.38555488
KOI-94,10.423648
Kepler-80,7.05246
Kepler-1725,16.71990013
Kepler-220,4.159807
HD 120084,2142.0
Kepler-980,11.55102504
HD 73267,17071.78045
WASP-61,3.8559
Kepler-1154,8.45808312
Kepler-520,5.21104261
GJ 163,603.95116
Kepler-368,72.379334
Kepler-335,67.844469
TYC 1422-614-1,198.4
Kepler-1257,2.668313762
TOI-4495,5.1830043
Kepler-24,18.998355
Kepler-279,54.414
Kepler-281,148.2720032
Kepler-396,42.994
Kepler-1262,8.67900242
TOI-7041,9.691
Kepler-145,42.882
Kepler-84,8.726
HD 209458,3.52474859
K2-136,7.9752
Kepler-231,10.065275
Kepler-26,46.827915
Kepler-350,26.136
Kepler-85,12.51
Kepler-1660 A,239.5044
Kepler-1372,1.311555568
Kepler-838,15.74957994
K2-332,17.70632
RR Cae,4343.5
Kepler-211,6.04045
Kepler-162,19.446355
Kepler-1385,2.88879862
TOI-431,0.490047
HD 45364,345.43
HD 83443,2.985628
Kepler-1424,29.6091744
HD 22496,5.09071
HD 13908,931.0
Kepler-1545,163.692349
Kepler-1811,76.42230225
KOBE-1,8.5399
Kepler-1277,40.8365012
TOI-5210,4.5661061
Kepler-359,25.563222
Kepler-60,8.9187
Kepler-414,4.7
Kepler-691,8.114379
Kepler-705,56.0560538
Kepler-1350,1.766789062
Kepler-319,4.362705
Kepler-324,13.97939968
Kepler-342,39.459357
HD 219139,275.5
Kepler-53,18.6489525
Kepler-880,11.8061737
Kepler-312,1.772419
Kepler-967,198.7112502
Kepler-190,2.019999
Kepler-220,9.034199
HD 134606,58.883
Kepler-770,4.15244722
Kepler-1219,16.10467749
K2-285,7.138048
Kepler-1721,4.592380047
Kepler-31,20.8613
Kepler-651,21.38521506
Kepler-367,53.578637
Kepler-33,41.02902
Kepler-27,31.3309
HD 20794,647.6
Kepler-288,19.305772
Kepler-232,4.431222
Kepler-294,6.6264
Kepler-1925,46.71640015
Kepler-48,4.778
Kepler-29,10.33974
Kepler-454,524.19
Kepler-1266,4.86631012
Kepler-1559,0.971915428
Kepler-107,14.749143
HATS-4,2.516729
TYC 1422-614-1,559.3
Kepler-1539,133.3036741
HIP 9618,20.772858
K2-6,30.94191
HD 113337,5429.93477
Kepler-242,8.20395
Kepler-1339,1.341555127
TOI-139,11.07085
HIP 38594,3477.768
Kepler-595,25.3029092
Kepler-32,22.7802
Kepler-1788,2.800120115
Kepler-194,52.814973
Kepler-723,4.082275068
Kepler-634,5.16950177
Kepler-873,20.5533844
Kepler-1336,5.77721211
Kepler-194,2.092281
Kepler-206,23.44281
Kepler-120,12.794585
Kepler-317,5.524242
Kepler-423,2.6843285
HD 158996,820.2
Kepler-1959,6.38669014
Kepler-171,4.166972
Kepler-204,14.400974
Kepler-539,125.63243
KOI-351,124.9144
Kepler-28,5.91
Kepler-1097,187.747029
Kepler-93,4.72673978
Kepler-321,13.093921
K2-11,39.93767
Kepler-832,7.1396941
Kepler-346,6.511127
Kepler-325,4.544439
HD 35759,82.467
HIP 74890,822.3
Kepler-343,8.96855
Kepler-54,8.0109434
Kepler-176,12.759712
Kepler-725,39.64372
HD 103720,4.5557
Kepler-360,3.289672
Qatar-1,1.4200242
Kepler-290,36.77031
Kepler-352,6.887279987
AT2021ueyL,4168.69
TOI-7149,2.65206166
Kepler-1388,37.6327084
Kepler-676,11.59822172
Kepler-186,13.342996
HD 145457,176.13
HD 105779,2412.0
TOI-2076,10.355235
Kepler-426,3.21751883
HD 28254,1333.0
K2-183,0.469285
HATS-49,4.1480467
GJ 1151,389.7
Kepler-1893,4.179369926
Kepler-920,100.8274113
Kepler-358,83.488369
Kepler-1480,22.12679948
Kepler-1880,6.309219837
Kepler-304,9.653471
TOI-1422,12.9972
TOI-1347,0.84742346
WASP-140,2.2359835
Kepler-514,5.65179605
KOI-7892,31.8099
WASP-182,3.3769848
Kepler-529,12.8345022
TOI-3629,3.936551
Kepler-1679,9.75376
Kepler-1529,5.33905686
Kepler-193,50.697494
Kepler-1260,19.1187753
HD 80883,6383.78352
Kepler-265,6.846262
Kepler-749,17.31716585
TOI-1194,2.3106446
Kepler-84,12.883
Kepler-1011,5.753221974
HD 65216,577.6
HD 33844,916.0
Kepler-1743,7.649710178
HIP 54373,15.144
Kepler-1232,26.7839183
K2-254,4.09639
CoRoT-4,9.20205
K2-132,9.1751
TOI-1117,8.665
K2-377,12.832235
Kepler-151,15.228958
Kepler-217,3.88689525
HD 40956,578.6
GJ 27.1,15.819
HD 82943,441.47
Kepler-1573,2.6157554
Kepler-1489,0.680741
EPIC 212424622,18.0983
Kepler-1915,13.83539963
TOI-4487 A,3.9540709
K2-218,8.679885
TOI-2374,4.31361
HD 154391,5163.0
Kepler-292,20.834237
Kepler-105,7.12592
Kepler-1281,3.11602791
KELT-18,2.8717518
KIC 8121913,3.294601
Kepler-519,24.3078946
Kepler-385,15.163161
Kepler-170,16.665863
HD 42813,3.5379559
Kepler-1111,8.79617863
HATS-7,3.185315
Kepler-1417,20.3505213
Kepler-139,15.771044
Kepler-1272,51.1309704
Kepler-159,10.139623
GJ 229,579.47495
Kepler-397,135.498527
Kepler-122,37.993273
HD 49674,4.94737
Kepler-1154,5.1856142
55 Cnc,44.3989
Kepler-1719,6.149559975
TOI-1806,15.1454693
Kepler-221,10.04156
Kepler-204,25.660593
HIP 65407,67.3
TOI-201,2800.0
Kepler-221,18.369917
Kepler-258,33.653079
Kepler-1266,28.474748
HIP 81208 C,104100.0
HD 216520,154.43
HD 206893,9350.0
Kepler-333,24.08821
Kepler-1751,7.017310143
Kepler-191,5.945041017
Kepler-1881,159.3939972
Kepler-293,54.155743
Kepler-136,16.399235
Kepler-203,3.162697
HD 143105,2.1974
WASP-91,2.798581
Kepler-791,14.5539759
Kepler-403,54.280749
HD 170469,1145.0
TOI-4914,10.60057
Kepler-347,12.79836
Kepler-704,3.76182115
HD 104067,13.8992
Kepler-871,22.0459018
Kepler-1992,15.6112238
Kepler-237,8.103636
Kepler-1830,56.49330139
K2-270,4.400028
Kepler-550,8.600104109
Kepler-604,25.85501786
LHS 1678,3.694284
K2-18,32.939623
Kepler-1278,3.23941344
Kepler-1142,18.3027248
Kepler-327,5.212333
WASP-60,4.305
GJ 1252,0.5182331
Kepler-113,4.754
Kepler-1605,85.7565495
Kepler-1060,46.8779367
HD 10180,5.75969
HD 3167,8.4112
Kepler-349,5.929778
Kepler-722,4.093573252
Kepler-1912,6.059219837
Kepler-1717,30.65279961
Kepler-735,11.51516988
HD 25463,7.0491423
Kepler-446,5.148921
K2-352,3.665912
Kepler-859,20.38177573
Kepler-1129,76.5369586
GJ 251,14.238
Kepler-1067,0.762129261
Kepler-1356,0.634002937
Kepler-889,3.744439
Kepler-1905,3.42392993
HD 39855,3.2498
Kepler-198,49.567416
Barnard's star,3.1542
GJ 3082,11.949
GJ 896 A,284.39
Kepler-1792,4.1957798
TOI-201,52.977946
NGTS-5,3.3569866
Kepler-127,48.630408
Kepler-83,9.77
Kepler-2000,6.383159135
K2-133,4.86784
Kepler-275,16.088134
K2-158,5.90279
Kepler-1594,2.71603809
Kepler-1379,0.881841146
Kepler-1718,135.1880035
Kepler-153,18.870227
Kepler-122,5.766193
Kepler-359,57.68802
Kepler-235,7.824904
K2-354,3.793306
WASP-138,3.634433
Kepler-1129,24.3397804
K2-71,6.98541
Kepler-1049,3.273460736
TOI-6695,242.4
HD 192310,74.72
K2-166,8.52695
Kepler-1612,3.91795101
Kepler-1054,4.30655689
Kepler-157,13.5405
Kepler-256,5.839172
K2-251,9.30075
TIC 279401253,155.3
Kepler-1263,4.55139967
HD 155193,352.65
HIP 67522,14.334892
Kepler-555,16.21775407
Kepler-302,127.282184
Kepler-354,24.209842
Kepler-1342,2.215710358
HD 18015,2278.0
Kepler-297,74.920137
Kepler-164,28.986769
tau Cet,49.41
Kepler-201,25.672083
EPIC 212737443,65.55
Kepler-178,96.678988
Kepler-199,67.093408
Kepler-990,0.538354308
Kepler-272,10.937304
Kepler-814,6.1469851
Kepler-1802,33.13610077
Kepler-1175,37.94563
Kepler-898,5.8706191
K2-95,10.1346454
Kepler-53,9.751962
Kepler-409,68.9583216
Kepler-913,5.939119816
Kepler-884,5.69919514
HATS-48 A,3.1316666
HAT-P-44,4.301219
TOI-1634,103.0
HATS-42,2.292102
Kepler-238,6.155557
Kepler-238,2.090876
Kepler-278,30.160546
Kepler-1089,5.132485618
Kepler-1907,5.652450085
TOI-260,13.475853
Kepler-1920,30.2541008
TOI-559,6.9839095
HD 30669,1684.0
TOI-1174,8.953487683
WASP-66,4.08605
Kepler-275,10.300682
Kepler-9,19.23891
K2-45,1.7292684
HD 96700,8.1245
POTS-1,3.1606296
WASP-186,5.026799
WASP-173 A,1.38665318
Kepler-2000,20.6180348
Kepler-279,12.309681
75 Cet,2051.62
Kepler-1966,8.617429733
Kepler-113,8.92507
HATS-64,4.908897
Kepler-1314,5.424749281
Kepler-1932,0.524177015
HD 90156,49.77
TOI-6008,0.8574347
Kepler-856,8.027680595
NGTS-3 A,1.6753728
TOI-1601,5.33175
Kepler-666,4.49876092
Kepler-30,29.33434
Kepler-388,3.173315
HD 212771,380.7
Kepler-1216,4.37034536
HD 147018,1008.0
Kepler-55,42.1516418
Kepler-1754,8.195949554
TIC 4672985,69.048
Kepler-1387,2.279526656
Kepler-416,12.209
Kepler-394,8.005013
Kepler-608,6.412515037
Kepler-842,1.21956827
Kepler-185,20.729042
HD 86081,2.1378431
Kepler-714,8.098887986
HD 81817,622.97802
Kepler-1199,15.0447198
Kepler-1322,6.459980011
Kepler-268,83.446393
K2-217,14.074524
Kepler-1254,9.99113313
HAT-P-44,872.2
Kepler-1389,99.2530951
Kepler-167,7.406106
Kepler-764,7.33683936
HATS-53,3.8537768
Kepler-11,10.3039
Kepler-30,143.34394
WASP-43,0.813475
Kepler-511,296.637865
Kepler-1286,11.25402929
Kepler-611,2.437033302
Kepler-1088,23.12748644
HD 204313,34.95875
Kepler-11,118.3807
HATS-8,3.583893
GJ 9827,3.648103
Kepler-1681,69.8956
Kepler-11,13.0241
Kepler-66,17.815815
HD 150706,5894.0
Kepler-1646,4.48558383
Kepler-59,17.9801235
Kepler-354,16.934402
Kepler-305,8.291
Kepler-1981,453.54212
HD 222076,871.0
Kepler-703,4.583521756
Kepler-11,22.6845
Kepler-11,31.9996
Barnard's star,6.7392
HD 235088,7.4341325
Kepler-54,12.0717249
Kepler-59,11.8681707
Kepler-635,23.44971004
WASP-22,3.53269
Kepler-1474,36.4333452
Kepler-485,3.243259796
Kepler-30,60.323105
WASP-52,1.7497798
Kepler-1614,3.9466141
Kepler-879,33.3855938
Kepler-1641,19.672266
Kepler-419,69.7546
Kepler-419,675.47
Kepler-1388,5.53608151
HD 307842,2.7970365
bet Pic,1192.77951
Kepler-32,5.90124
KOI-94,54.32031
Kepler-1350,4.4968604
Kepler-44,3.2467293
HD 93385,13.18
Kepler-610,151.86392
Kepler-290,0.764017553
TIC 365102760,4.21285367
Kepler-1388,12.2854603
HD 5891,177.11
TOI-1448,8.112245
Kepler-654,13.72465129
KOI-351,210.60697
Kepler-277,33.006
Kepler-1203,0.588000765
Kepler-1501,14.5564533
Kepler-1850,1.385800004
Kepler-1789,80.23190308
Kepler-140,91.353282
Kepler-106,6.16486
TOI-4406,30.08364
HD 154672,163.94
Kepler-584,35.1810304
K2-397,3.572326
Kepler-1082,1.543206604
Kepler-1672,150.878
Kepler-618,3.595769645
Kepler-322,1.653888
TOI-262,11.14529
Kepler-1072,1.569066502
HD 68402,1103.0
Kepler-1161,10.71252541
Kepler-1777,12.18420029
Kepler-1991,22.79020351
rho CrB,102.19
Kepler-310,92.876125
KOI-351,331.60059
KOI-351,91.93913
HD 39194,33.91
Kepler-1563,3.43276598
Kepler-500,8.508324398
Kepler-530,39.30941904
Kepler-173,4.263742
HD 12484,58.83
Kepler-361,55.188023
Kepler-265,67.831024
Kepler-1724,6.45442009
Kepler-1144,17.14647302
Kepler-1440,39.859484
Kepler-188,2.061897
Kepler-296,10.864384
Kepler-388,13.297004
TrES-2,2.47063
Kepler-1661,175.06
Kepler-332,15.995622
Kepler-1393,2.44357812
Kepler-304,3.295709
Kepler-1464,5.32786292
NGTS-26,4.5199279
Kepler-1502,41.7083629
Kepler-1022,10.99469878
Kepler-1861,40.0306015
Kepler-1380,10.3108245
eps CrB,417.9
HIP 21152,22000.0
Kepler-112,28.574263
HD 103891,1919.0
Kepler-887,20.42228798
Kepler-154,33.040532
HAT-P-62,2.6453235
Kepler-1370,7.44142113
HD 219666,6.034468
Kepler-1967,7.281690121
HD 194490,13092.18348
Kepler-393,9.182417
HD 118203,6.1349779
Kepler-1735,7.71792984
Kepler-301,2.508553
HD 116029,907.0
HD 211403,223.8
Kepler-1613,1.5184299
Kepler-1532,1.093663559
HD 158259,5.1980814
Kepler-965,134.2527298
Kepler-513,28.86235584
Kepler-418,86.67856
Kepler-1435,4.45343281
HD 188641,14583.81038
Kepler-431,6.803
TOI-1279,9.61419
Kepler-1575,2.55314213
K2-187,0.77401
KOI-94,3.743208
KOI-94,22.342989
Kepler-63,9.4341505
Kepler-81,5.955
Kepler-87,114.73635
Kepler-1065,2.37030743
Kepler-1965,41.86869812
WASP-133,2.176423
Kepler-389,14.51143
HD 6718,2496.0
K2-184,16.9780102
WASP-148,34.524
Kepler-777,5.72812599
Kepler-56,21.40239
KIC 10001893,0.2197
Kepler-62,5.714932
HD 21520,25.1292
Kepler-1987,8.74292005
TOI-1758,20.705074685
TOI-6478,34.005019
Kepler-1338,0.935118057
Kepler-961,16.87727414
HD 35843,9.8991
Kepler-1265,6.49441289
Kepler-184,10.687576
Kepler-238,23.654
Kepler-410 A,17.833648
Kepler-85,25.216751
Kepler-130,87.517905
HIP 8541,1852.14387
Kepler-1886,24.2758007
Kepler-542,13.14497566
HD 62364,5138.0
TOI-1749,2.38839
Kepler-1634,374.876239
Kepler-99,4.60358
K2-393,10.413181
K2-5,10.93241
HAT-P-11,3361.0
Kepler-1416,1.49514952
Kepler-1701,169.134
Kepler-1578,1.450886907
KOI-55,0.342887
HD 45364,225.79
Kepler-1772,3.215090036
Kepler-1862,16.05730057
Kepler-990,9.91723428
Kepler-1537,1.444453798
Kepler-1593,174.509835
Kepler-328,34.921
Kepler-511,26.62949944
K2-198,17.0428683
2MASS J19383260+4603591,1460.0
Kepler-369,14.871572
TOI-1777,14.650111974
Kepler-1024,66.4162133
Kepler-253,10.281951
Kepler-171,11.463462
WASP-33,1.21987
TOI-4145 A,4.0664428
Kepler-709,16.08524954
TrES-4,3.55395
Kepler-1987,2.345863002
Kepler-366,3.281959
K2-155,40.718
Kepler-312,19.747412
Kepler-245,3.219821056
HD 102843,3090.942
Kepler-1066,1.931559839
HD 108874,1624.0
Kepler-49,18.596108
Kepler-52,36.445171
Kepler-562,18.009314436
Kepler-711,23.58914398
NY Vir,8799.0
Kepler-1371,2.00541269
Kepler-538,81.73778
WASP-4,1.338230994
GJ 508.2,5300.0
Kepler-108,190.323494
Kepler-392,5.341853
Kepler-946,11.79162572
Kepler-296,19.850291
Kepler-336,9.600001
Kepler-245,17.460812
Kepler-397,22.250949
Kepler-1046,14.37508035
Kepler-536,1.827082299
Kepler-379,62.784697
TOI-4329,2.9223
Kepler-306,4.646186
Kepler-121,3.177422
TOI-238,8.465651
TOI-5005,6.3085044
TOI-1452,11.06201
WASP-63,4.37808
Kepler-169,6.195469
Kepler-1395,3.78470649
Kepler-1197,2.03231845
Kepler-324,4.385315
Kepler-23,10.74
Kepler-37,21.301848
K2-165,14.101361
PSR J1719-1438,0.090706293
WASP-83,4.971252
GJ 687,727.562
Kepler-55,2.211099
HATS-11,3.619188
HD 199509,99.62167
WASP-154,3.811678
HD 16141,75.523
Kepler-1343,3.35183158
Kepler-81,20.837846
Kepler-531,29.88485741
Kepler-376,14.172327
TOI-199,104.854
HAT-P-6,3.85298
Kepler-1237,84.5733226
HD 110067,41.05854
Kepler-58,40.101371
Kepler-128,22.8
Kepler-1849,57.29290009
Kepler-316,6.827766
Kepler-54,20.995694
Kepler-1001,14.30511983
Kepler-192,9.926746
Kepler-1075,1.52372816
HD 190647,1176.45
Kepler-1376,5.30880656
Kepler-127,14.435889
K2-247,6.49424
Kepler-1917,12.90240002
Kepler-1146,2.352265797
Kepler-373,5.535309
Kepler-282,44.347
Kepler-1807,10.86060047
Kepler-1113,42.3004954
TOI-269,3.6977104
TOI-1823,38.8
Kepler-1540,125.4131177
K2-345,10.367437
TOI-2076,21.015327
Kepler-1907,14.86390018
Kepler-1969,6.647520065
TOI-5799,4.164663198
Kepler-1491,16.5861762
TOI-132,2.1097019
Kepler-115,2.403679
Kepler-158,28.551383
K2-80,28.867253
Kepler-116,5.968734
Kepler-1311,2.53573424
HATS-45,4.1876244
EPIC 228836835,0.728113
Kepler-251,16.514043
Kepler-195,34.096863
HD 135625,4055.0
TOI-451,16.364988
Kepler-1410,60.866168
TOI-5205,1.630757
HD 216520,35.45
Kepler-573,22.18329658
Kepler-1295,3.81371974
TOI-1860,1.0662107
K2-46,19.1541
Kepler-1980,33.0257179
Kepler-200,10.222157
TOI-500,26.233
Kepler-817,3.990106229
WASP-177,3.071722
Kepler-305,3.20538
HD 331093,621.62
TOI-5301,5.858858
Kepler-1121,13.15141081
WASP-38,6.87188
Kepler-124,13.821375
Kepler-446,1.565409
Kepler-1952,27.21080017
Kepler-916,32.2968798
Kepler-242,14.496481
HD 39194,5.6368
Kepler-1198,7.6847716
K2-289,13.156969
GJ 1002,10.3465
Kepler-657,24.54350418
TOI-2046,1.4971842
Kepler-315,265.469335
Kepler-359,77.095691
Kepler-341,27.666313
K2-320,1.995
Kepler-229,41.194912
TRAPPIST-1,12.352446
Kepler-65,2.15491
Kepler-1253,68.8861915
TOI-1693,1.7666957
Kepler-1993,26.6565737
Kepler-207,1.611865
Kepler-163,7.810937
BD+15 2375,153.22
Kepler-1246,11.32271513
K2-49,2.77065
GJ 676 A,35.47358
Kepler-37,51.196
Kepler-1749,14.53409958
Kepler-245,7.49019
HIP 57274,32.03
TOI-431,12.46103
Kepler-999,5.991857017
Kepler-291,5.700786
Kepler-83,5.169796
TOI-2128,16.34136
Kepler-381,8.256299973
Kepler-1048,6.92101021
Kepler-1422,18.6051942
Kepler-148,1.729366
HD 73256,2690.0
Kepler-971,9.59070716
Kepler-1927,73.75039673
Kepler-57,11.6
Kepler-1093,89.722292
K2-323,24.93
Kepler-165,8.180848
HD 213519,11.12214
Kepler-164,10.945723
Kepler-229,16.068638
WTS-2,1.0187068
K2-242,6.51389
Kepler-1756,2.355750084
EPIC 206042996,0.354884
Kepler-857,85.35129427
HD 176986,6.4898
Kepler-1740,8.172400475
Kepler-713,7.411141
HD 67087,2374.0
CoRoT-35,3.22748
Kepler-1127,5.12330347
Kepler-616,90.4113556
Kepler-1284,0.664073806
HD 4760,434.0
Kepler-649,29.90722674
Kepler-1770,16.84189987
HD 99492,17.0503
Kepler-210,7.972513
Kepler-122,12.465988
Kepler-231,19.271566
Kepler-245,36.277108
Kepler-49,10.91
Kepler-1174,6.89225223
Kepler-178,9.576694
Kepler-373,16.725948
KOI-3503,31.828
TOI-1260,7.493134
TOI-3235,2.59261842
Kepler-786,53.5293487
HATS-16,2.686502
Kepler-1291,8.63043276
Kepler-829,6.88337562
TOI-5143,5.2097118
TOI-1136,6.2574
TOI-908,3.183792
WASP-90,3.916243
Kepler-1374,10.65276707
Kepler-337,9.693201
K2-59,20.6921
HD 179079,14.479
K2-396,25.76051
Kepler-349,12.247629
GJ 480,9.567
HAT-P-53,1.9616241
HAT-P-60,4.7947813
TOI-672,3.633575
TOI-3980,3.6089254
TOI-4559,3.965991
HIP 99770,18600.0
Kepler-62,18.16406
HD 11506,26500.0
Kepler-1690,234.636
TOI-2669,6.2034
WASP-98,2.96264036
Kepler-284,12.699149
TOI-561,0.4465697
Kepler-1564,18.0540381
HATS-18,0.83784
HD 63433,7.1079384
Kepler-1139,0.813166719
Kepler-84,27.434389
NGTS-27,3.3704181
EPIC 206215704,2.255436
Kepler-114,11.776
Kepler-982,15.7738221
K2-293,13.1225
Kepler-168,13.193242
TOI-1450 A,5.0688
TOI-1670,40.74976
Kepler-1157,4.45743164
HD 2638,3.4442
HD 94834,1576.0
Kepler-239,56.228098
K2-16,19.07863
NGTS-4,1.3373508
BD+05 4868 A,1.271869
HD 185283,4060.0
Kepler-126,21.869741
Kepler-1627,7.20283653
Kepler-619,1.208465026
Kepler-1515,214.3114164
GJ 357,3.9306
GJ 436,2.64388312
Kepler-131,16.092
Kepler-271,5.24972541
HD 66428,10478.84437
Kepler-1696,65.9409
K2-32,31.71701
Qatar-3,2.5079204
Kepler-808,0.631332353
TOI-286,39.361826
HD 175167,1175.0
HD 11964,1945.0
HD 215497,3.93404
Kepler-100,12.8159
Kepler-101,6.02976
Kepler-101,3.4876812
Kepler-383,31.200751
Kepler-947,26.9644317
Kepler-697,3.709870645
K2-339,19.507428
Kepler-454,4073.0
Kepler-950,98.7180406
HD 73526,188.3
Kepler-235,20.060548
HD 233604,192.0
Kepler-215,14.667108
Kepler-126,10.495711
HD 210277,442.19
Kepler-783,7.05395
GJ 3470,3.3366496
TOI-2236,3.5315902
HR 8799,69000.0
Kepler-91,6.24658
K2-28,2.260455
Kepler-271,10.43547805
Kepler-338,9.341
Kepler-1647,1107.5923
K2-198,7.4500177
Kepler-1769,89.1934967
Kepler-1128,61.6178167
TOI-1272,3.31599
Kepler-750,9.42887179
Kepler-1303,7.56127224
Kepler-656,5.25449393
HD 197037,1035.7
Kepler-1156,11.89520511
EPIC 211822797,21.1701963
Kepler-1390,6.48021673
Kepler-223,9.84564
K2-19,11.8993
TOI-622,6.402513
K2-58,2.53726
GPX-1,1.744579
Kepler-1585,3.5827463
HD 187123,3810.0
HD 140901,9.02378
Kepler-79,27.4029
Kepler-79,13.4845
HD 99283,310.4
Kepler-1038,7.127659798
Kepler-1020,96.9151496
K2-111,15.6805
Kepler-1159,22.70816791
HATS-59,1422.0
DMPP-1,18.57
HD 153557,7.29903
Kepler-162,6.919798
HD 99109,439.29999
HD 22532,872.6
Kepler-157,7.02573474
Kepler-180,41.885775
Kepler-399,58.034616
WASP-80,3.06785234
Kepler-450,15.413135
Kepler-1599,122.363553
Kepler-1247,13.71220213
Kepler-1712,13.81499958
TOI-4342,10.688716
Kepler-487,38.6519976
Kepler-157,1.732342
Kepler-605,2.358951515
Kepler-412,1.7208604
HD 115404 A,10.49488
Kepler-1468,3.54553021
Kepler-453,240.503
Kepler-1569,5.79180156
Kepler-259,8.115317
WASP-15,3.7521
K2-154,3.67626
Kepler-1859,2.729599953
WASP-36,1.53736596
Kepler-26,12.28
DMPP-2,5.2072
TOI-1075,0.6047328
HATS-33,2.5495551
Kepler-307,10.4208
HD 206255,96.045
Kepler-1950,10.77690029
TOI-2524,7.18585
NGTS-6,0.882059
Kepler-234,2.711506
Kepler-1100,6.42200058
HD 4313,356.21
Kepler-1038,148.4603382
Kepler-186,3.8867907
Kepler-249,15.368459
TOI-3785,4.6747373
Kepler-250,7.156804
TOI-125,4.65382
TOI-663,2.598902
TOI-904,83.9997
EPIC 212297394,5.213965
Kepler-284,37.514456
Kepler-1397,47.449955
Kepler-295,21.526258
Kepler-560,18.47764449
Kepler-1254,3.60084276
Kepler-895,2.806242328
Kepler-1978,10.84969477
MOA-2009-BLG-266L,2800.0
Kepler-1396,18.2206421
NGTS-21,1.5433897
K2-330,13.774798
Kepler-262,13.060855
WASP-11,3.72247
Kepler-1490,92.4362973
HD 42012,857.5
2MASS J19383260+4603591,406.0
Kepler-1989,10.161023528
TOI-4600,82.6869
Kepler-702,10.526294063
Kepler-1058,110.96546
HD 141399,94.44
HIP 86221,2.224
TOI-1298,4.537143
Kepler-1541,8.40691199
Kepler-1871,1.952700019
Kepler-1843,25.54339981
Kepler-496,8.30864937
LHS 1140,24.73723
KELT-11,4.73620865
HAT-P-2,5.6335158
Kepler-592,2.820192408
K2-316,5.26
Kepler-1108,4.51005748
Kepler-292,7.055679
EPIC 206042996,5.2986
Kepler-1244,3.70428172
Kepler-914,4.40966548
TOI-1062,7.972
Kepler-1326,42.3514267
Kepler-191,17.738506
HIP 35173,41.516
HD 40307,20.432
Kepler-903,62.9228557
Kepler-896,144.547396
Kepler-662,21.67697486
Kepler-1287,11.47685909
WASP-183,4.1117771
Kepler-1665,11.9548
TOI-3693,9.088516
Kepler-132,110.2869374
Kepler-342,1.644224613
CoRoT-27,3.57532
Kepler-1733,9.229579926
Kepler-846,19.80792185
Kepler-1624,3.290304518
TOI-198,10.2152
WASP-188,5.748916
Kepler-607,39.67679977
Kepler-1888,11.39169979
Kepler-1611,5.1762429
Kepler-499,5.632528453
HD 48948,151.92
Kepler-1090,198.680179
Kepler-603,21.05358596
Kepler-1268,40.9903986
Kepler-299,6.885875
Kepler-1595,4.56380468
K2-395,8.491282
Kepler-1894,2.762660027
HD 134606,966.5
Kepler-558,29.00790538
Kepler-1235,4.16055856
Kepler-1625,287.378949
TOI-3714,2.154849
Kepler-41,1.8555582
Kepler-247,9.439452
Kepler-176,51.16579
Kepler-60,11.8981
Kepler-809,55.63934
HATS-40,3.2642736
K2-386,7.473223
TOI-5174,12.214286
TOI-540,1.2391491
HD 24085,2.0455
Kepler-1095,4.27103091
Kepler-1459,62.8691611
Kepler-320,8.371554
Kepler-603,6.2171292
Kepler-693,15.37563332
WASP-8,8.15872
WASP-124,3.37265
Kepler-1727,9.029299736
Kepler-1649,8.689099
Kepler-253,18.119869
TOI-715,19.288004
TOI-1742,21.269084
TOI-1836,20.380799
Kepler-1635,469.63111
TOI-1294,159.9
BD+49 828,2590.0
Kepler-1445,10.60052251
K2-375,14.453895
Kepler-1055,2.295036233
WASP-14,2.24375
Kepler-967,13.22713379
Kepler-1053,2.414351654
Kepler-1870,3.606940031
Kepler-258,13.19722
HD 102956,6.4947
TOI-3071,1.266938
HAT-P-34,5.452654
TOI-519,1.2652328
OGLE-TR-182,3.9791
Kepler-208,11.131786
Kepler-336,20.678772
Kepler-126,100.283134
Kepler-1709,65.70459747
Kepler-653,0.900376476
HD 18143,10.2851
WASP-144,2.2783152
HD 178911 B,71.484
GJ 682,57.32
HD 216437,1359.0
HD 40307,9.6184
2MASS J19383260+4603591,43.0
K2-170,12.400047
Kepler-1553,4.24261881
Kepler-1032,3.290117953
K2-63,20.257
EPIC 206024342,14.647531
HD 147513,528.4
Kepler-865,6.20920207
HD 133131 A,649.0
Kepler-1530,5.3227406
Kepler-858,76.13602028
HD 69830,8.667
Kepler-612,3.722156413
Kepler-252,10.848463
Kepler-762,3.770552098
TOI-2346,3.3312029
TOI-2407,2.702969
TOI-2992,3.007812
TOI-178,6.5577
TOI-5300,2.262196
Kepler-318,4.662715
Kepler-96,16.2385
Kepler-163,21.347262
WASP-73,4.08722
Kepler-647,16.2254649
Kepler-1542,2.89223021
K2-12,8.28246
Kepler-1597,2.94654179
Kepler-261,24.570858
Kepler-576,29.91136794
TOI-1278,14.47567
HD 167677,1820.0
Kepler-949,8.689307296
Kepler-957,5.907413537
HIP 41378,15.572098
HIP 41378,131.0
TOI-1898,45.52234
Kepler-1669,4.72941177
TOI-216,34.525528
Kepler-1194,16.22371307
WASP-164,1.7771255
TOI-2416,8.275479
Kepler-843,2.053879821
Kepler-1949,2.208280087
Kepler-1825,1.025869966
Kepler-579,9.66857723
Kepler-1190,10.45843441
Kepler-1643,5.342657
HR 858,5.973865
GJ 1061,3.204
HD 11112,17244.90764
Kepler-1269,37.3331536
K2-409,1.908084
Qatar-6,3.506195
KOI-984,21.512
UZ For,5840.0
Kepler-1791,7.720860004
Kepler-972,7.03932553
Kepler-978,49.6221509
Kepler-1132,62.8916228
Kepler-413,66.262
Kepler-1558,3.50470358
WASP-8,4323.0
Kepler-1983,7.32851947
Kepler-521,22.20813214
TOI-1516,2.056014
Kepler-1576,6.98471973
Kepler-539,1000.0
KOI-7368,6.8430344
K2-50,3.96151
HATS-6,3.3252725
HAT-P-35,3.646706
Kepler-343,23.22182
Kepler-839,37.8144514
Kepler-1386,6.73972381
K2-389,20.851337
Kepler-956,5.248672631
Kepler-339,4.977656
Kepler-1074,5.94566534
Kepler-1124,2.852348975
TOI-261,3.3639254
Kepler-303,7.061149
Kepler-1855,0.727330983
Kepler-1345,44.6169557
Kepler-522,38.58422849
Kepler-561,5.350161983
TOI-332,0.777038
Kepler-601,5.378868441
Kepler-1021,13.47469571
K2-319,26.68
Kepler-523,5.835983111
GJ 3222,10.66669
Kepler-141,7.010606
TOI-2768,1.50801
Kepler-150,637.2093
Kepler-304,5.315946
Kepler-1167,1.003933739
K2-43,3.471149
K2-398,6.393025
Kepler-1096,2.892217506
TOI-615,4.6615983
HD 4308,15.56
TOI-3464,3.6515568
TOI-4214,3.4913885
TOI-4465,101.94054
TRAPPIST-1,6.101013
Kepler-223,14.78869
Kepler-572,17.20523483
Kepler-143,27.082511
ups Leo,385.2
Kepler-326,4.580358
Kepler-1299,19.9400874
HD 10442,1032.3
EPIC 212297394,2.289363
Kepler-186,22.407704
K2-19,2.5081
TOI-1410,47.56
Kepler-241,36.065978
Kepler-1934,1.419759989
Kepler-25,122.4
HD 177565,44.505
KPS-1,1.706291
Kepler-80,9.52355
Kepler-80,3.07222
Kepler-132,6.178196
Kepler-845,0.927859821
Kepler-1968,7.281099796
Kepler-106,23.9802
Kepler-630,161.4743937
HD 102117,20.8133
LHS 475,2.029088
GJ 393,7.02679
Qatar-7,2.032046
Kepler-19,62.95
KELT-9,1.4811235
Kepler-1086,18.78425728
KOI-351,14.44912
Kepler-1467,47.0569043
K2-282,0.70531
HD 192263,24.3556
HD 109271,30.93
HD 29021,1362.3
Kepler-1292,3.27646405
GJ 876,30.0881
LHS 1140,3.77794
GJ 357,55.661
TOI-178,9.961881
Kepler-49,7.2
WASP-29,3.92273
K2-285,14.76289
TOI-1443,23.540678
HD 191939,8.8803256
TOI-500,6.6356
Kepler-637,23.20584623
Kepler-1675,63.0382
Kepler-855,7.886631104
TOI-1669,2.6800535
Kepler-31,42.6318
Kepler-509,41.74600392
Kepler-692,21.81293494
Kepler-1052,34.8538276
Kepler-131,25.5169
Kepler-376,4.920199
K2-126,7.385655
K2-141,7.7485
Kepler-1790,31.58889961
Kepler-497,3.573203671
Kepler-179,6.40013
Kepler-334,12.758005
HD 215152,25.1967
Kepler-1451,35.622233
Kepler-444,6.189392
DMPP-1,2.882
Kepler-605,3.383538066
GJ 514,140.43
Kepler-1478,26.0840594
GJ 411,2946.0
TOI-782,8.0240015
HD 220074,672.09998
GJ 806,6.64064
HD 133131 A,3568.0
Kepler-582,18.49235668
HD 50499,8619.9
LP 890-9,2.7299025
Kepler-206,13.137471
Kepler-1039,0.934884242
Kepler-255,9.946047
GJ 667 C,39.026
HD 51608,95.9446
Kepler-1840,131.1900024
HD 79498,1807.0
CoRoT-21,2.72474
TOI-1420,6.9561063
TOI-1266,18.8027
Kepler-600,23.67517607
HD 99492,95.233
KOI-3503,21.185
Kepler-22,289.863876
Kepler-1358,7.06317341
GJ 2126,272.7
K2-148,4.38395
Kepler-61,59.87756
TOI-1691,16.736888935
Kepler-445,2.984151
HD 191939,284.0
HD 191939,38.353037
HIP 97166,10.288914
HD 93963 A,1.0376109
HD 207897,16.20166
TOI-4961,7.479182
TOI-5322,5.4233207
TOI-5592,2.6085846
K2-253,4.00167
EPIC 206024342,0.911724
K2-148,6.9226
HD 87816,484.17
Kepler-850,7.19303878
Kepler-1004,5.28789787
HD 102272,127.58
Kepler-747,35.61760587
Kepler-25,6.238297
HAT-P-32,2.1500082
Kepler-411,58.02035
Kepler-82,75.732
TOI-2202,24.6744
GJ 273,4.7234
TOI-2589,61.6277
K2-14,8.36802
CoRoT-14,1.51214
K2-172,29.62682
Kepler-1961,5.604710102
HD 184010,286.6
Kepler-638,6.07972888
nu Oct A,402.4
TOI-3023,3.9014971
Kepler-1598,4.34195123
Kepler-1209,25.369116
EPIC 201238110,28.1656
PSR J2322-2650,0.322963997
Kepler-1802,15.45020008
Kepler-330,8.25978
KOI-7892,10.6906004
Kepler-1420,6.69960006
TOI-904,10.8772
EPIC 206032309,2.87814
K2-414,4.3696
Kepler-1650,1.53818001
K2-50,8.7529
Kepler-377,12.509529
K2-87,9.726618
Kepler-1948,15.57129955
Kepler-391,20.485435
TOI-2018,7.435583
Kepler-82,26.44
TOI-1246,5.904137
Kepler-202,16.282493
Kepler-1755,24.81209946
HS Psc,3.986
K2-278,3.334966
Kepler-411,7.834435
Kepler-411,31.509728
Kepler-375,19.986326
Kepler-552,5.263415765
K2-353,15.466805
HD 208527,875.5
Kepler-1833,6.892129898
Lupus-TR-3,3.91405
Kepler-800,14.13176026
Kepler-1713,18.01160049
HD 25015,6134.427
Kepler-1305,13.5630972
TOI-1272,8.6811
Kepler-1313,3.833091178
Kepler-1163,6.11786898
Kepler-1890,4.820590019
Kepler-112,8.408878
Kepler-581,40.6069821
HD 147873,116.596
Kepler-1714,10.27530003
TOI-1266,10.8945
TOI-470,12.19148
Kepler-1484,30.4549136
Kepler-354,5.47666
Kepler-616,51.06740189
Kepler-271,7.41086267
EPIC 201427007,0.72091
Kepler-740,3.584101216
KELT-6,7.8457
HD 72659,18207.72098
Kepler-1592,3.05710069
Kepler-305,5.487
Kepler-123,26.695074
LTT 3780,0.76837931
K2-247,2.25021
Gl 410,6.02
Kepler-974,0.1768913
K2-276,18.718269
K2-138,5.40479
Kepler-848,6.91134416
WASP-132,7.1335164
HD 64114,45.791
Kepler-750,4.08899022
Kepler-278,51.078775
GJ 180,106.3
Kepler-1570,26.548955
Kepler-164,94.886902
Kepler-58,4.45814897
HD 12235,36336.70679
Kepler-224,18.643577
Kepler-1487,35.8007112
TIC 88785435,10.508843
Kepler-953,88.40655258
Kepler-1579,0.849907889
HD 221420,10066.0
Kepler-1590,7.61760804
HD 24040,3668.0
HD 28192,14.23283
HD 160691,3947.0
TOI-1899,29.090312
K2-400,3.865053
HD 159243,12.62
Kepler-1360,40.5286413
Kepler-1668,15.434
GJ 317,695.69
WASP-39,4.0552941
XO-3,3.19154
WASP-69,3.86813881
Proxima Cen,11.18465
K2-233,2.467583
K2-233,7.06024
K2-233,24.3681
Wolf 503,6.00127
GJ 317,6500.0
WASP-163,1.6096884
WASP-185,9.38755
GJ 3512,203.109
NGTS-11,35.45533
TOI-237,5.436098
TOI-942,4.32421
TOI-942,10.156272
TOI-1444,0.4702743
TOI-1685,0.66913924
Gaia-1,3.052524
Gaia-2,3.6915224
GJ 3512,2354.0
HD 15906,10.924709
TOI-880,6.3872703
TOI-880,2.57571
TOI-1346,5.502558
TOI-1346,1.7622538
TOI-1716,8.082376554
TOI-2719,3.37594
TOI-4155,3.320729
TOI-6000,0.448959
Proxima Cen,5.12338
GJ 463,3459.0
TOI-6324,0.279221
HD 15906,21.583298
HIP 66074,310.9
Gaia-4,571.3
Gaia-5,358.62
GJ 9773,2965.0
K2-31,1.25785
K2-127,3.588163
K2-199,3.2253993
K2-199,7.3744897
WASP-85 A,2.6556777
Kepler-1985,3.42064689
Kepler-830,11.29695137
TYC 3667-1280-1,26.468
Kepler-724,3.314946338
Kepler-442,112.3053
HD 164509,280.17
TOI-2266,2.326318
Kepler-1177,106.247547
HD 332231,18.712024
Kepler-399,14.425281
OGLE-2018-BLG-0740L,5480.0
HD 112300,466.63
Kepler-462,207.62
Kepler-462,84.6866
HIP 67851,3128.41
Kepler-1106,1.252752174
Kepler-1001,9.18186
HD 25463,3.04405
Kepler-356,4.612696
HD 134606,26.915
Kepler-285,6.186676
K2-37,4.44117
Kepler-1834,0.766691517
Kepler-487,15.358768403
HD 208487,130.08
Kepler-1821,16.45809937
Kepler-1090,42.42720032
Kepler-263,47.332773
HD 10180,604.67
Kepler-461,8.313783059
TOI-4600,482.8191
HD 66141,480.5
Kepler-1143,2.888904849
TOI-663,4.6955507
TOI-270,3.3601538
TOI-674,1.977143
Kepler-1716,35.58100128
Kepler-250,4.148141
TOI-2015,5.582796
Kepler-476,14.00640607
Kepler-1434,8.05333618
HD 158259,7.951
Kepler-1240,4.8663815
GJ 357,9.1247
CoRoT-7,3.698
Kepler-593,21.21708973
K2-164,17.355066
Kepler-1186,16.07677615
Kepler-27,6.546289921
HIP 71135,87.19
HR 858,11.230511
TOI-5388,2.594675
Kepler-1847,11.12969971
Kepler-1782,5.756229877
CoRoT-24,5.1134
Kepler-1589,0.991665274
Kepler-495,3.413036221
TOI-5704,3.771116
Kepler-991,82.5342519
TOI-128,4.9404681
Kepler-1774,59.77080154
Kepler-1783,8.277440071
Kepler-1806,9.033320427
Kepler-160,4.309397
K2-52,3.535055
HD 189733,2.21857567
TOI-2184,6.90683
TOI-2989,3.122832
Kepler-314,2.461069
Kepler-930,71.4517775
TOI-1694,393.1
KOI-3680,141.241671
Kepler-712,226.89047
Kepler-983,60.0855082
TOI-2076,3.0223445
TOI-1117,2.22816
Kepler-757,1.022678821
Kepler-716,3.96999
TOI-1136,4.1727
Kepler-36,13.86825
Kepler-367,37.815724
Kepler-1848,5.604020119
Kepler-1565,1.538188437
Kepler-36,16.21865
Kepler-1720,12.70639992
LTT 1445 A,3.1239035
Kepler-1723,39.75289917
Kepler-938,52.6298417
HD 203387,2481.07227
HU Aqr,2390.0
Kepler-535,4.903321551
TOI-3082,1.926907
KOI-12,17.855182
WASP-18,2.1558
Kepler-1747,6.230319977
K2-392,15.398723
TIC 393818343,16.24921
TOI-2095,28.17232
Kepler-695,3.040330424
K2-416,13.102
WASP-72,2.21673
KOI-4777,0.412
Kepler-507,3.568096926
K2-157,66.5
BD-06 1339,3.8728
Kepler-1033,7.56052806
Kepler-1996,32.376183
Kepler-45,2.455239
Kepler-395,34.989262
TOI-2796,4.8084983
Kepler-864,5.83376092
K2-405,3.435471
WASP-192,2.8786765
Kepler-1394,3.93766373
Kepler-428,3.52563254
HD 189567,33.688
HD 1502,428.5
Kepler-1710,14.91110039
Kepler-1027,1.907805199
Kepler-828,0.567857136
BD-11 4672,1634.0
Kepler-301,5.419026
WASP-48,2.14363
TOI-2525,49.2519
WASP-110,3.77840121
KOI-1783,284.215
Kepler-1270,6.03356196
Kepler-197,25.209715
Kepler-1315,6.566060066
Kepler-862,3.148664534
HD 18599,4.1374354
HD 33564,388.0
GJ 3138,1.22003
Kepler-1523,0.93875077
Kepler-435,8.6001536
Kepler-138,13.7815
HD 37605,2720.0
K2-163,6.673117
Kepler-1370,20.2641684
Kepler-257,24.664551
K2-376,5.776475
Kepler-172,6.388996
Kepler-1040,201.1214
Kepler-102,16.1456994
Kepler-102,10.311767
HD 63935,21.4027
Kepler-1683,15.0337
Kepler-102,7.071392
Kepler-103,179.60978
KIC 3558849,1322.3
Kepler-1348,27.5722742
WASP-194,3.183387
HD 98736,968.8
Kepler-208,7.466623
HIP 38594,60.722
Kepler-175,34.035257
Kepler-433,5.33408384
Kepler-398,6.83437001
HD 99706,841.0
CoRoT-31,4.62941
HD 80653,921.2
Kepler-1884,8.988320351
WASP-18,0.94145223
WASP-19,0.78883852
Kepler-1824,95.61100006
Kepler-334,5.470319
Kepler-248,6.308205
Kepler-730,2.85188338
Kepler-1530,2.5904434
TOI-451,9.192522
Kepler-255,1.045622658
Kepler-998,5.65377733
HD 158259,2.178
KELT-20,3.4741085
GJ 3929,2.616235
HD 3167,96.63
Kepler-1700,234.239
Kepler-256,10.681572
HR 8799,170000.0
KELT-2 A,4.11379
TOI-1273,4.631296
Kepler-167,4.3931539
Kepler-138,38.23
Kepler-125,5.774464
Kepler-267,28.464515
GJ 3988,6.9442
Kepler-569,34.18890521
Kepler-751,17.44490636
Kepler-1482,12.25383217
Kepler-1781,4.88752985
TOI-431,4.8494
Kepler-332,7.626324
Kepler-508,25.30889748
Kepler-1896,44.87020111
KOI-1599,13.6088
Kepler-481,10.06082567
Kepler-1005,6.49801525
K2-22,0.381073
Kepler-1322,0.962867382
Kepler-1300,22.2419092
K2-104,1.9741954
WASP-167,2.0219596
Kepler-888,70.6979061
K2-54,9.7833
Kepler-401,47.318218
HD 76920,415.891
Kepler-920,6.53192704
Kepler-1731,21.76129913
Kepler-1438,2.31942009
K2-390,3.312792
Kepler-336,2.024823
Kepler-788,8.39846269
Kepler-1225,7.01075434
Kepler-19,9.28699
Kepler-440,101.11141
Kepler-1937,9.688599586
Kepler-335,6.562331
Kepler-1035,2.714077555
BD-17 63,655.57
Kepler-1301,9.08237046
TOI-4364,5.424019
GJ 433,36.059
Pr0211,2.1461
Kepler-1423,23.955378
Kepler-1797,23.3593998
Kepler-1909,2.391609907
Kepler-111,224.77833
Kepler-24,12.33
TOI-6002,10.904821
HAT-P-33,3.47447
Kepler-390,13.060022
HD 95089,464.4
Kepler-627,40.6994443
HD 113538,663.2
TOI-1776,2.799868
Kepler-1698,1.2107
Kepler-688,3.895936844
Kepler-139,2047.635373
K2-195,15.852975
WASP-132,1.01153624
Kepler-402,4.028751
Kepler-344,21.963945
Kepler-1935,3.951400042
Kepler-1375,3.3004192
Kepler-1321,2.226491086
Kepler-670,2.816504852
GJ 238,1.7446999
EPIC 206024342,4.50756
Kepler-1688,5.62012
Kepler-1891,4.02229023
HD 160691,9.6392
Kepler-985,116.331901
HD 89744,256.78
Kepler-326,6.766888
Kepler-84,4.224537
Kepler-767,161.5280101
Kepler-1182,11.17394617
TOI-700,27.80978
Kepler-1456,18.1373829
Kepler-1363,2.94194094
K2-169,6.380803
WASP-197,5.167228
Kepler-1997,26.7575866
Kepler-224,3.132924
Kepler-235,3.340222
Kepler-236,23.968127
Kepler-1911,5.990799904
HD 13167,2613.0
HD 56957,5859.08992
Kepler-953,9.10967112
Kepler-205,2.75564
Kepler-38,105.599
Kepler-1494,91.080482
HD 148164,5062.0
K2-347,7.187257
TOI-5153,20.33003
BD+15 2940,137.48
Kepler-937,153.343364
Kepler-1795,13.36019993
Kepler-251,99.640161
HD 112570,2615.0
Kepler-1604,0.683684256
K2-44,5.657
HD 212301,2.24571
Kepler-1213,5.34982412
HD 7924,24.451
HD 161178,279.3
Kepler-1238,4.14787559
HD 184010,836.4
MOA-2011-BLG-293L,3000.0
TOI-1736,7.073076
Kepler-1947,6.963630199
Kepler-1568,20.925392
Kepler-1453,47.1611696
ups And,4.617033
HD 42813,6.429575
TOI-4010,14.70886
WASP-158,3.656333
TOI-849,0.765548
Kepler-825,3.77360059
Kepler-1233,45.1263042
Kepler-1481,5.94220998
Kepler-285,2.633867
Kepler-1076,6.14727918
TOI-6255,0.23818244
Kepler-328,71.312
Kepler-311,232.040326
TOI-1794,8.765528
TOI-1669,500.0
HD 159243,248.4
HAT-P-46,4.463129
Kepler-67,15.7259
GJ 667 C,28.14
HD 73526,379.1
HATS-5,4.763387
bet Cnc,605.2
GJ 667 C,62.24
Kepler-415,8.708
Kepler-416,6.319
CoRoT-2,1.7429935
DP Leo,10220.0
HAT-P-17,5584.0
Kepler-415,4.176
Kapteyn,121.54
Kepler-77,3.57878087
Kepler-197,15.677563
HIP 105854,184.2
V0391 Peg,1170.0
HAT-P-27,3.039577
WASP-75,2.484193
Kepler-259,36.924931
Kepler-148,4.180043
TOI-1408,2.1664
GJ 1132,1.62892911
Kepler-165,15.31299
Kepler-69,242.4613
NN Ser,5573.55
HAT-P-42,4.641878
Kepler-216,7.693641
Kepler-65,8.13123
Kepler-65,5.859944
Kepler-289,66.0282
Kepler-289,125.8723
Kepler-561,58.3620495
91 Aqr,181.4
tau Gem,305.5
GJ 163,25.63058
DENIS-P J082303.1-491201,246.36
Kepler-289,34.5383
HIP 63242,124.6
Kepler-57,5.72
Kepler-338,13.726976
Kepler-24,8.14
Kepler-23,7.1
TOI-1408,4.42587
Kepler-116,13.07163
Kepler-1550,225.582809
Kepler-266,6.61833
Kepler-270,11.476094
Kepler-183,5.687945
Kepler-280,4.807091
Kepler-155,5.931194
Kepler-300,40.714955
Kepler-214,15.660544
Kepler-341,8.01041
Kepler-330,15.955387
Kepler-292,11.97901
Kepler-295,12.645164
Kepler-298,10.475464
Kepler-225,6.738975
Kepler-329,18.684737
Kepler-298,22.92881
Kepler-300,10.446347
Kepler-286,1.796302
Kepler-232,11.379349
Kepler-226,3.940997
Kepler-289,330.0716
Kepler-279,98.3531
Kepler-139,355.0
Kepler-408,2.46502
HD 191939,2898.0
Kepler-141,3.107675
Kepler-280,2.139542
Kepler-386,25.193458
Kepler-222,3.936981
Kepler-291,3.546511
Kepler-104,11.427548
Kepler-363,11.932125
Kepler-384,22.597053
Kepler-308,9.694928
Kepler-364,59.980627
Kepler-1330,10.10769068
Kepler-147,12.610584
Kepler-717,4.40840023
Kepler-311,9.176092
Kepler-891,53.44945593
Kepler-382,5.262155
Kepler-135,6.00253
Kepler-228,2.566546
Kepler-1044,6.77408868
Kepler-371,34.763278
Kepler-222,10.08881
Kepler-1476,10.35863224
Kepler-290,14.589347
Kepler-247,3.33616
Kepler-251,4.790936
Kepler-374,3.282807
TOI-1744,22.341702927
Kepler-294,3.701212
Kepler-921,51.300634
Kepler-254,18.746477
Kepler-1610,8.70181574
Kepler-377,27.014976
Kepler-261,10.381227
Kepler-309,105.356383
Kepler-383,12.904532
HATS-55,4.2042001
Kepler-1158,13.5396293
Kepler-378,16.092361
Kepler-123,17.232366
Kepler-104,23.668205
Kepler-357,49.499875
Kepler-1479,14.53261362
Kepler-1904,4.577020168
L 98-59,2.253114
Kepler-149,160.018032
Kepler-386,12.31043
Kepler-331,8.457496
Kepler-340,22.824669
Kepler-110,31.719775
Kepler-104,51.755394
Kepler-273,2.936532
L 98-59,12.8278
L 98-59,7.450729
L 98-59,23.064
Kepler-716,10.37168453
Kepler-1826,1.615360022
Kepler-732,9.467814048
Kepler-265,43.130617
Kepler-200,8.594805
Kepler-190,3.763024
Kepler-875,27.5073799
Kepler-269,8.127899
Kepler-904,3.021668632
Kepler-282,13.638723
Kepler-344,125.596809
Kepler-55,4.617534
Kepler-909,13.93290318
Kepler-283,92.743711
Kepler-288,56.633742
Kepler-398,4.081423
Kepler-311,19.738286
Kepler-760,2.46697439
Kepler-10,151.06
Kepler-10,0.8374907
Kepler-299,38.285489
Kepler-203,11.32972
Kepler-201,151.884058
Kepler-249,7.113702
Kepler-1388,20.9568158
Kepler-407,0.6693124
Kepler-142,2.024152
Kepler-55,10.198545
Kepler-308,15.38231
Kepler-124,3.410493
Kepler-400,9.024389
Kepler-10,45.294301
TOI-5386 A,3.62156552
Kepler-355,11.03189
Kepler-316,2.240508
Kepler-398,11.419412
Kepler-563,22.18432708
Kepler-357,6.475434
Kepler-358,34.060467
Kepler-345,9.387427
TOI-1238,0.764597
TOI-1238,3.294736
Kepler-405,29.726682
Kepler-211,4.138575
Kepler-360,7.186434
Kepler-282,24.806
Kepler-325,12.762172
Kepler-1324,4.115844679
Kepler-134,5.317429
Kepler-444,9.740486
Kepler-363,3.614568
Kepler-366,12.51616
Kepler-326,2.248329
Kepler-370,4.57953
Kepler-256,1.620493
HAT-P-7,2.20474
Kepler-674,2.243381847
Kepler-737,28.59915399
Kepler-551,12.3764661
Kepler-374,5.028219
Kepler-375,12.125934
Kepler-380,7.630004
Kepler-118,7.518496
Kepler-390,6.738088
Kepler-243,20.026218
Kepler-306,44.840975
Kepler-382,12.162701
Kepler-1254,5.72717226
Kepler-391,7.416755
Kepler-246,11.187161
Kepler-244,9.767292
Kepler-387,11.837549
Kepler-180,13.817124
Kepler-594,13.64618192
Kepler-292,2.580827
Kepler-744,12.06222443
Kepler-341,42.473269
Kepler-1015,16.00494214
Kepler-758,20.4966197
Kepler-255,5.714606
Kepler-337,3.292781
Kepler-301,13.751243
Kepler-528,19.78297415
Kepler-187,4.938864
Kepler-224,5.925003
Kepler-220,45.902733
Kepler-149,29.198943
Kepler-362,10.327186
Kepler-365,17.784129
Kepler-194,17.308032
Kepler-106,43.8445
Kepler-372,6.849692
Kepler-152,18.207973
Kepler-243,5.715442
Kepler-228,11.094286
Kepler-378,28.906009
Kepler-198,17.790037
Kepler-207,5.868075
Kepler-118,20.17202
Kepler-406,2.42629
Kepler-97,2.58664
Kepler-146,31.158799
Kepler-244,4.311792
Kepler-208,4.22864
Kepler-181,4.302149
Kepler-228,4.134444
Kepler-406,4.62332
TOI-178,1.914558
Kepler-147,33.416423
Kepler-144,5.885273
Kepler-182,20.684342
Kepler-197,10.349695
Kepler-156,4.973456
Kepler-700,80.8720639
Kepler-150,7.381998
Kepler-248,16.239494
Kepler-1962,7.991459846
Kepler-146,76.732171
Kepler-853,7.16892463
Kepler-274,11.634788
Kepler-174,13.98179
Kepler-1562,64.2737752
Kepler-150,12.56093
CoRoT-22,9.75598
WASP-104,1.7554137
CoRoT-24,11.759
Kepler-663,4.99678284
KOI-1257,86.647661
XO-2 S,120.8
Kepler-188,5.996553
Kepler-196,47.427737
Kepler-247,20.477912
Kepler-135,11.448708
Kepler-1028,2.51462432
Kepler-169,13.767102
Kepler-557,3.705989551
Kepler-214,28.7798
Kepler-149,55.328328
Kepler-154,3.93276465
Kepler-340,14.844387
Kepler-882,3.989539666
Kepler-254,5.826662
Kepler-257,6.581484
Kepler-174,44.000529
Kepler-192,21.2234
Kepler-169,3.250619
Kepler-169,87.090195
Kepler-218,44.699576
Kepler-106,13.5708
Kepler-94,820.3
Kepler-93,1460.0
Kepler-171,39.595519
Kepler-174,247.35373
Kepler-347,27.320871
Kepler-348,17.265427
Kepler-193,11.38848
Kepler-97,789.0
Kepler-191,9.939632
Kepler-1778,10.08740044
Kepler-217,8.586004
Kepler-208,16.259458
Kepler-636,16.080661147
KOI-7892,75.2
KIC 10525077,854.083
XO-5,4.1877558
HD 130322,10.70871
K2-15,11.8104
K2-17,17.96753
KIC 9663113,572.3847
HD 32963,2372.0
Kepler-1392,15.1410397
HD 50554,1293.0
GJ 3341,14.207
WASP-20,4.8996284
Kepler-447,7.79430132
HAT-P-1,4.46529976
HATS-14,2.7667641
K2-9,18.4498
HD 1666,270.0
HD 67087,352.2
51 Eri,11688.0
HD 5583,139.35
HD 10180,2205.0
Kepler-801,11.41928253
Kepler-236,8.295611
Kepler-568,11.02347475
Kepler-296,5.8416366
K2-10,19.3044
Pr0211,4850.0
Kepler-436,64.00205
Kepler-296,34.14211
Kepler-296,63.33627
KELT-6,1276.0
HD 220842,218.47
HIP 109600,232.08
Kepler-443,177.6693
Kepler-437,66.65062
Kepler-1036,122.8808058
Kepler-8,3.5224991
Kepler-438,35.23319
Kepler-439,178.1396
Kepler-1003,3.554856915
tau Boo,3.3124568
Kepler-43,3.0240949
HD 141399,5000.0
HD 141399,1069.8
HD 113538,1818.0
HD 564,492.3
HAT-P-54,3.799847
Kepler-76,1.5449298
WASP-42,4.9816819
HD 108341,1129.0
TrES-5,1.48224686
Kepler-432,406.2
Kepler-5,3.5484657
HD 141399,201.99
Kepler-432,52.501129
HD 7924,15.299
WASP-41,421.0
Kepler-424,223.3
Kepler-422,7.8914483
WASP-57,2.83891856
HAT-P-50,3.1220109
Kepler-424,3.3118644
Kepler-427,10.290994
HD 128311,921.538
HD 128311,453.019
Kepler-449,33.6727
HAT-P-52,2.7535953
HD 1461,13.5052
Kepler-425,3.79701816
WASP-70 A,3.7130203
Kepler-75,8.8849116
Kepler-449,12.58242
Kepler-92,49.3568
HD 175607,29.01
HD 219134,94.2
Kepler-74,7.340711
Kepler-444,3.6001053
WASP-135,1.4013794
OGLE-2006-BLG-109L,4927.5
Qatar-2,1.33711647
Kepler-444,7.743493
HIP 107773,144.3
Kepler-430,35.968
Kepler-874,40.0686727
Kepler-876,5.14438011
Kepler-780,0.677375164
Kepler-802,40.0587473
Kepler-799,133.4605235
Kepler-872,2.578855068
Kepler-870,21.3587621
K2-30,4.098503
Kepler-851,8.50699658
Kepler-798,13.71933369
Kepler-797,27.07237711
Kepler-869,40.4287755
Kepler-868,5.03251791
Kepler-477,11.11990653
Kepler-847,2.343231895
Kepler-795,29.6193421
Kepler-796,6.40087618
Kepler-753,5.747725012
Kepler-866,2.617032536
Kepler-867,150.242127
Kepler-865,14.16399294
Kepler-754,14.5596237
Kepler-748,7.40742793
Kepler-793,4.24153639
Kepler-792,11.30119217
Kepler-863,15.59461874
Kepler-752,18.82747265
Kepler-766,6.10027804
Kepler-841,124.4198398
Kepler-790,13.73469807
Kepler-861,3.949631375
Kepler-860,5.101379454
Kepler-773,3.749100061
Kepler-774,11.0895723
Kepler-837,16.56059504
Kepler-897,8.0472642
Kepler-769,7.42608998
Kepler-836,11.36112327
Kepler-465,9.940672466
Kepler-484,10.045569313
Kepler-890,52.75875577
Kepler-892,13.7521072
Kepler-765,27.6655226
Kepler-784,31.5922646
Kepler-785,1.973760926
Kepler-831,5.62153941
Kepler-893,6.33855761
Kepler-894,9.803224
Kepler-781,13.2140732
Kepler-824,4.51436633
Kepler-823,4.16809082
Kepler-746,3.48159251
Kepler-822,3.222969273
KIC 9663113,20.74028413
Kepler-827,51.92927591
Kepler-471,5.014234575
Kepler-819,33.1995648
Kepler-818,10.035385814
Kepler-886,6.24146367
KELT-17,3.0801716
WASP-92,2.1746742
Kepler-755,1.269090374
Kepler-816,10.506825646
Kepler-815,8.57503552
Kepler-852,44.9309804
WASP-93,2.7325321
WASP-118,4.0460435
Kepler-758,12.1097104
Kepler-502,4.28686431
Kepler-813,19.12947337
Kepler-812,10.11716531
Kepler-883,12.98495573
HAT-P-66,2.972086
Kepler-760,8.70419416
Kepler-474,5.660672935
Kepler-811,23.58447697
Kepler-810,4.59725385
HD 42618,149.61
Kepler-768,11.3910025
Kepler-775,0.974868926
Kepler-463,8.981016833
Kepler-878,25.9422033
Kepler-877,18.45847097
Kepler-778,3.75574426
Kepler-908,1.340597468
Kepler-911,20.310501
Kepler-975,1.970342457
Kepler-995,28.26731672
Kepler-1008,12.43931193
Kepler-1045,26.41045478
Kepler-912,2.534756273
Kepler-913,10.29672521
Kepler-1042,10.13202575
Kepler-1026,36.5156053
Kepler-963,9.97683705
Kepler-1041,24.7576421
Kepler-910,2.364369015
Kepler-1017,7.23400469
Kepler-1018,49.1013514
Kepler-1030,19.32952416
Kepler-997,2.707306716
Kepler-915,4.59489604
Kepler-955,14.53244172
Kepler-964,13.5225106
Kepler-1007,5.185002073
Kepler-968,3.692983728
Kepler-966,99.747622
Kepler-925,33.8678531
Kepler-924,61.0370117
Kepler-987,105.3033148
Kepler-958,9.7678805
Kepler-1062,9.30412078
Kepler-1061,2.757982666
Kepler-927,9.1149903
Kepler-926,52.0688601
Kepler-1029,4.417696479
Kepler-996,3.770590584
Kepler-948,7.76846622
Kepler-962,12.05707239
Kepler-1120,2.949029052
Kepler-1119,8.3265153
Kepler-931,8.03755877
Kepler-929,0.921032135
Kepler-1059,3.764191048
Kepler-479,12.49341307
Kepler-1116,41.6977827
Kepler-933,14.20443009
Kepler-934,55.6738309
Kepler-952,130.3546919
Kepler-979,8.0880135
Kepler-1117,4.79028459
Kepler-1063,14.07971466
Kepler-935,4.88083852
Kepler-936,10.56134221
Kepler-977,26.85328322
Kepler-960,3.12686223
Kepler-976,105.9564148
Kepler-1112,14.36267939
Kepler-1114,14.97435694
Kepler-939,14.878296
Kepler-937,67.668827
Kepler-1006,19.76172042
Kepler-900,6.9913086
Kepler-940,59.6225257
Kepler-941,17.42395198
Kepler-905,5.082746517
Kepler-902,40.1099547
Kepler-918,4.85386933
Kepler-917,2.970414375
Kepler-310,56.47542
Kepler-473,14.55731705
Kepler-1000,120.0181272
Kepler-1037,1.063788673
Kepler-466,3.709213846
Kepler-906,41.6979976
Kepler-922,0.938466832
Kepler-1025,37.3229493
Kepler-989,7.964315352
Kepler-1019,1.411229847
Kepler-464,7.256965224
Kepler-943,49.7701438
Kepler-945,31.0033814
Kepler-1010,34.2685705
Kepler-1043,38.5053398
Kepler-944,43.3167737
Kepler-942,44.96417488
Kepler-1034,12.12400943
Kepler-993,22.08557563
Kepler-1013,18.93054959
Kepler-992,20.16034462
Kepler-403,7.031462
Kepler-951,71.52530845
HD 7199,615.0
Kepler-1230,9.95661537
Kepler-1229,86.828989
Kepler-1231,10.41725184
Kepler-1137,23.9210791
Kepler-1179,2.685057492
Kepler-1180,16.8601286
Kepler-1188,17.1369543
Kepler-1189,3.78858982
Kepler-1234,11.94014029
Kepler-1071,6.1799844
Kepler-1140,24.0862707
Kepler-1181,4.89337519
Kepler-94,2.50806
Kepler-1191,5.60014851
Kepler-1192,25.2034787
Kepler-518,8.512035877
Kepler-1141,2.344511944
HD 195019,18.20132
Kepler-1184,53.5991044
Kepler-1065,3.609308907
Kepler-1193,2.832652134
Kepler-549,42.9495649
HD 20794,89.68
Kepler-1077,34.3511874
Kepler-1078,3.00725242
Kepler-1196,66.1849031
WASP-24,2.34121
Kepler-1239,5.19104016
Kepler-1241,18.5525701
Kepler-1145,3.97076766
Kepler-1147,10.62784997
Kepler-1080,77.2548396
Kepler-1079,13.24503188
Kepler-1200,1.118549717
Kepler-1201,15.18725932
Kepler-1243,16.8320729
Kepler-1242,13.62798432
Kepler-1148,1.104463509
Kepler-1149,3.73089898
Kepler-1083,33.4177993
Kepler-1081,3.856918547
Kepler-1202,28.6851324
Kepler-1204,85.7350285
Kepler-1252,15.0540329
Kepler-1064,16.54080322
Kepler-1150,2.787868386
Kepler-1087,0.693842855
Kepler-1205,1.078390352
Kepler-1206,1.216997663
Kepler-1248,7.46725407
Kepler-1249,24.3347127
Kepler-1153,1.755835327
Kepler-1155,33.469743
Kepler-1091,1.434741564
Kepler-1092,58.6017925
Kepler-1210,8.07124073
Kepler-1207,13.68237119
Kepler-1250,2.607543834
Kepler-1251,45.0904643
Kepler-1093,25.0824626
Kepler-1094,78.1000231
Kepler-1212,12.94130146
Kepler-1211,11.01816836
Kepler-1245,4.35409304
Kepler-1160,7.97034958
Kepler-1162,32.5637069
Kepler-1215,4.76703963
Kepler-1214,18.82634264
Kepler-1122,42.1917357
Kepler-1125,17.6700642
Kepler-1164,3.97599768
Kepler-1166,33.2406882
Kepler-1101,81.3151059
Kepler-1099,2.168452593
Kepler-516,24.85462415
Kepler-1217,2.032325072
Kepler-1218,22.9221266
Kepler-1068,16.92344113
Kepler-1126,108.593329
Kepler-1168,55.8226539
Kepler-1103,19.79191978
Kepler-1102,51.3285623
Kepler-1221,12.00096042
Kepler-1130,5.45298175
Kepler-1169,6.11009134
Kepler-1107,0.571038518
Kepler-1105,4.421572182
Kepler-1222,1.916944254
Kepler-1223,16.301259
Kepler-1131,3.53232449
Kepler-1133,11.55562343
Kepler-1171,1.44259224
Kepler-480,4.919583795
Kepler-1172,26.0204423
Kepler-1109,37.6467384
Kepler-1110,9.69312032
Kepler-1224,13.32351601
Kepler-510,19.55659418
Kepler-1069,23.8990296
Kepler-1134,17.13263989
Kepler-1173,0.7698536
HD 290327,2443.0
Kepler-825,8.1818246
Kepler-804,9.65185017
Kepler-1228,0.577369579
Kepler-1227,94.2887577
Kepler-1135,76.957857
Kepler-1070,6.2216147
Kepler-1176,24.1738579
HD 4203,431.88
Kepler-1357,3.0091324
Kepler-1359,59.4970952
Kepler-304,1.499146953
Kepler-1273,28.625653
Kepler-1274,6.98152703
Kepler-1315,0.84338011
Kepler-1316,87.9732136
Kepler-1361,3.57554956
Kepler-1362,136.205626
Kepler-537,3.247555219
Kepler-758,8.1934719
Kepler-1275,3.65691115
Kepler-1276,12.5720095
Kepler-1317,0.568874427
Kepler-1318,213.257663
Kepler-1364,13.32196237
Kepler-1365,7.69993485
Kepler-722,105.144749
Kepler-763,1.19655156
Kepler-1279,23.4774101
Kepler-1320,0.868386528
Kepler-525,18.68404933
Kepler-1367,1.574090272
Kepler-770,1.475322314
Kepler-1280,66.5579057
Kepler-1282,2.131946513
Kepler-1323,0.929906678
Kepler-1325,33.8786838
Kepler-526,5.458498316
Kepler-1368,0.675649486
Kepler-783,4.29264638
Kepler-887,7.63846023
Kepler-1283,12.9460978
Kepler-1285,14.7967458
Kepler-1327,14.88801098
Kepler-527,13.28535633
Kepler-1369,25.873148
Kepler-1311,11.1726994
Kepler-1288,2.76122421
Kepler-1328,4.52158888
Kepler-1331,0.789161653
Kepler-1371,3.4462039
Kepler-1289,7.99019627
Kepler-512,34.43587975
Kepler-1332,11.87456832
Kepler-1334,15.64591713
Kepler-1391,54.4092333
Kepler-1290,4.69500134
Kepler-1293,5.57654784
Kepler-1335,6.26406846
Kepler-1336,23.198681
Kepler-1378,11.95398936
Kepler-1377,0.740928422
Kepler-1294,115.6862258
Kepler-1337,24.4002549
Kepler-1381,25.3842686
Kepler-1382,16.3583055
Kepler-1365,4.77468005
Kepler-1296,8.3839865
Kepler-1297,1.68189002
Kepler-1341,132.9968322
Kepler-1383,13.9093583
Kepler-1384,15.36262753
Kepler-1258,0.984940167
Kepler-1298,7.12811928
Kepler-1344,4.7683049
Kepler-1346,3.40165668
Kepler-1259,0.663085258
Kepler-1261,48.4308991
Kepler-1302,8.83922659
Kepler-1347,14.00947528
Kepler-1349,2.12823928
Kepler-80,0.9867873
Kepler-725,207.541
Kepler-223,7.38449
KOI-12,2500.0
Kepler-32,2.896
LTT 1445 A,5.35876
Kepler-1304,16.1288853
Kepler-515,19.96371318
Kepler-755,2.853133644
Kepler-532,12.92491623
Kepler-1264,0.968526023
Kepler-1306,16.29595382
Kepler-1307,18.01621096
Kepler-1352,1.877882748
Kepler-533,28.51120525
Kepler-524,7.97419807
Kepler-1267,13.0313945
Kepler-1309,28.8432647
Kepler-1310,0.679336272
Kepler-1354,76.613377
Kepler-1355,1.289588112
Kepler-534,15.95994513
Kepler-1208,11.08507637
Kepler-1271,3.0255955
Kepler-1312,5.448325286
Kepler-1415,0.63642408
Kepler-1414,3.51576315
Kepler-1547,0.692979676
Kepler-1548,124.828679
Kepler-1581,6.28385491
Kepler-1580,56.6449279
Kepler-1582,4.83817712
Kepler-690,7.748094374
Kepler-1615,47.3126192
Kepler-1616,6.76284377
Kepler-1418,22.4764425
Kepler-1549,214.886545
Kepler-482,56.35418576
Kepler-1583,9.32807355
Kepler-1617,27.4785572
Kepler-629,7.2385854
Kepler-1421,6.9131112
Kepler-1551,24.4973698
Kepler-1552,184.771853
Kepler-1586,15.6049212
Kepler-1587,9.4060467
Kepler-1618,6.10826019
Kepler-621,2.628113746
Kepler-1426,14.2563227
Kepler-154,9.91935684
Kepler-685,1.6255222
Kepler-1165,9.478522
Kepler-1588,7.84931739
Kepler-686,1.594745463
Kepler-1428,10.67607169
Kepler-1429,4.48487493
Kepler-1554,198.088774
Kepler-541,5.08005848
Kepler-1591,8.18504949
Kepler-1621,92.263714
Kepler-1622,10.8118737
Kepler-1431,5.86601526
Kepler-1432,23.9109011
Kepler-1555,8.10501635
Kepler-1556,8.82713457
Kepler-544,21.41616926
Kepler-1446,0.689967832
Kepler-1433,4.13592271
Kepler-1557,3.74032496
Kepler-577,25.69578251
Kepler-1596,66.373379
Kepler-1436,9.705716
Kepler-1437,10.9295461
Kepler-1560,3.03195744
Kepler-466,51.07926307
Kepler-403,13.61159129
Kepler-694,6.365841612
Kepler-1623,4.36128348
Kepler-1444,33.42035034
Kepler-1561,1.005207007
Kepler-1601,2.20921951
Kepler-631,17.97979059
Kepler-632,30.99660733
Kepler-1441,39.4419839
Kepler-683,2.539183179
Kepler-597,13.02365861
Kepler-1603,2.27163926
Kepler-1398,4.13827595
Kepler-1398,2.78815679
Kepler-1399,1.638653058
Kepler-549,117.040498
Kepler-684,6.770302008
Kepler-1566,0.539915238
Kepler-1606,196.435224
Kepler-1400,9.06689421
Kepler-1402,2.03387914
Kepler-543,13.89961966
Kepler-1607,13.6473676
Kepler-1608,16.4735686
Kepler-1403,5.19492202
Kepler-1404,15.9314739
Kepler-198,1.31184443
Kepler-192,6.47027579
Kepler-1572,5.49548621
Kepler-1574,6.9424334
Kepler-578,1.616883696
Kepler-1406,11.62905828
Kepler-1407,20.0711504
Kepler-625,4.1653651
Kepler-1245,2.936584681
Kepler-689,22.36656079
Kepler-1408,2.99793191
Kepler-1411,86.1150888
Kepler-1542,3.95116882
Kepler-625,7.75192492
Kepler-626,14.48585199
Kepler-1413,13.1829642
Kepler-1412,3.6146051
Kepler-1544,168.811174
Kepler-1085,219.3217528
Kepler-1626,4.13962966
Kepler-641,9.48961571
Kepler-1465,31.8277111
Kepler-1466,31.1750448
Kepler-1507,16.0506213
Kepler-1508,20.7056504
Kepler-1506,14.0329154
Kepler-1524,70.9674603
Kepler-639,10.21420496
Kepler-1468,8.23984869
Kepler-1509,25.4338197
Kepler-1510,84.703921
Kepler-1525,2.416601183
Kepler-1086,161.5163345
Kepler-1526,3.908632005
Kepler-642,4.41745855
Kepler-1469,21.8635301
Kepler-633,8.50340718
Kepler-1511,23.2382792
Kepler-1527,160.129918
Kepler-1628,76.378033
Kepler-712,21.02247699
Kepler-1470,16.2950903
Kepler-1471,3.63899398
Kepler-546,4.147020258
Kepler-1528,1.791110205
Kepler-1631,4.09513932
Kepler-1630,509.997402
Kepler-1632,448.303558
Kepler-1473,14.4273551
Kepler-1472,38.1312831
Kepler-111,3.341815
Kepler-598,3.70175428
Kepler-472,4.176255514
Kepler-1633,186.404271
Kepler-1477,11.55530021
Kepler-1475,82.177374
Kepler-599,15.65562652
Kepler-969,1.682934604
Kepler-1531,1.138543376
Kepler-585,2.752359753
Kepler-489,17.276296119
Kepler-1535,138.9442
Kepler-1483,9.5085156
Kepler-545,13.24934059
Kepler-1016,105.6551369
WASP-21,4.322482
Kepler-1536,364.758031
Kepler-1636,425.47785
Kepler-1637,6.10960324
Kepler-1486,54.6495759
Kepler-1485,19.9157725
Kepler-696,4.190425575
Kepler-1488,39.8189932
Kepler-1031,1.22621732
Kepler-1409,0.764864926
Kepler-1425,14.4541302
Kepler-1448,12.27065865
Kepler-1449,13.2274528
Kepler-1517,5.546083665
Kepler-698,16.32976218
Kepler-607,0.638163204
Kepler-1450,54.5094166
Kepler-580,8.222419656
Kepler-1495,85.273256
Kepler-1493,15.0217983
Kepler-1519,240.7989397
Kepler-1454,47.0319479
Kepler-707,2.237492751
Kepler-1452,42.913751
Kepler-1497,8.74199772
Kepler-1496,64.6588017
Kepler-29,13.28613
Kepler-602,15.28469497
Kepler-640,22.24813967
Kepler-1458,47.9872764
Kepler-1457,51.1110243
Kepler-1498,48.051405
Kepler-1073,4.02582254
Kepler-701,10.35533177
Kepler-708,3.167891938
Kepler-229,6.252972
Kepler-1460,29.9633247
Kepler-1461,29.3494775
Kepler-1503,96.16987
Kepler-1521,47.14840805
Kepler-1522,1.847889171
Kepler-583,6.5100253
Kepler-1463,25.15864
Kepler-1462,65.6488341
Kepler-1464,31.7785901
Kepler-1504,82.304003
Kepler-1505,30.8609366
Kepler-570,4.301662003
Kepler-667,41.43962808
HATS-28,3.1810781
HATS-27,4.637038
Kepler-475,3.105508189
Kepler-738,24.58721573
Kepler-652,4.182002531
Kepler-668,8.35390639
Kepler-669,4.125546869
K2-33,5.424865
HATS-30,3.1743516
Kepler-1644,21.0907758
Kepler-1645,16.1779561
Kepler-739,12.53248465
Kepler-671,4.280958588
Kepler-571,4.798599388
K2-5,5.73594
HATS-15,1.74748753
Kepler-726,21.80451088
Kepler-1143,210.630591
Kepler-564,3.750832285
Kepler-653,14.70748976
Kepler-154,20.54981883
Kepler-673,3.728731093
K2-16,7.6188
Kepler-742,8.360868238
Kepler-148,51.84688575
Kepler-501,5.640677572
K2-8,5.06416
Kepler-1534,5.71668872
Kepler-655,46.4063358
Kepler-616,9.99761851
Kepler-677,6.57531678
NGC 2682 YBP 1194,6.959
NGC 2682 YBP 1514,5.118
Kepler-656,1.260259094
Kepler-587,10.94027841
Kepler-483,30.229104
Kepler-679,12.39358604
K2-48,20.5065
K2-47,31.6372
Kepler-610,6.996926554
Kepler-1542,5.10115756
Kepler-1600,386.370548
Kepler-623,9.07097734
Kepler-680,3.689926291
Kepler-681,26.39435646
K2-37,14.09189
WASP-113,4.54216874538
WASP-114,1.5487743
Kepler-727,5.154484417
Kepler-1518,5.11177904
Kepler-554,1.902208556
Kepler-596,21.30022655
Kepler-1185,104.3518976
Kepler-650,3.032145588
Kepler-661,6.029301321
Kepler-589,16.54964934
Kepler-682,12.611906672
Kepler-574,7.65880414
Kepler-728,5.743477265
Kepler-566,18.42794624
CoRoT-1,1.5089557
Kepler-108,49.183921
KELT-10,4.1662739
Kepler-719,5.007317779
Kepler-559,17.58752333
Kepler-548,4.454194338
Kepler-1629,3.87595807
WASP-119,2.49979
Kepler-645,3.275822621
Kepler-720,4.708326542
Kepler-731,3.855603551
Kepler-646,15.87364565
Kepler-547,6.010384289
Kepler-606,24.31575992
Kepler-734,6.104852856
Kepler-590,5.85296257
Kepler-567,16.54297375
HD 221585,1173.0
Kepler-721,5.392025388
Kepler-1640,7.5844126
Kepler-736,3.60147201
Kepler-613,15.77979614
Kepler-619,5.404272197
Kepler-665,16.01310205
KELT-14,1.7100566
WASP-120,3.6112706
Kepler-614,14.03491514
HATS-25,4.2986432
HATS-26,3.3023881
Kepler-609,6.521210666
Kepler-615,10.35584657
Kepler-506,6.8834055
WASP-130,11.55098
GJ 536,8.7076
WASP-139,5.924262
GJ 3138,257.8
K2-75,7.8142
K2-75,18.311
K2-125,21.750264
WASP-141,3.310651
WASP-142,2.052868
GJ 273,18.6498
K2-80,5.605
K2-83,2.74697
K2-130,2.49412
GJ 3293,13.2543
GJ 3293,48.1345
HAT-P-67,4.8101025
K2-83,9.99767
K2-84,6.4215
K2-35,2.399964
HATS-32,2.8126548
K2-86,8.77683
K2-88,4.6122
K2-116,4.655411
HATS-35,1.8209993
HATS-34,2.1061607
HD 86950,1270.0
Qatar-4,1.8053564
Qatar-5,2.8792319
K2-91,1.419549
K2-89,1.096026
K2-72,15.189034
K2-72,24.158868
XO-6,3.7650007
K2-60,3.00265
TYC 4282-00605-1,101.54
GJ 1148,41.38
WASP-53,3.3098443
WASP-53,2840.0
Kepler-1170,9.98969327
HD 20794,147.02
Kepler-60,7.1334
Kepler-959,14.80074836
Kepler-79,52.0902
GJ 1148,532.58
WASP-81,2.7164762
HD 59686 A,299.36
WASP-153,3.332609
Kepler-1651,9.87863917
HD 87646,13.481
HD 37124,154.378
HD 34445,214.67
HD 34445,49.175
GJ 887,9.262
HATS-22,4.7228124
HD 219134,3.092926
K2-58,7.05254
HD 37124,885.5
tau Cet,20.0
HD 34445,5700.0
NGTS-1,2.647298
HD 219134,6.76458
HD 219134,46.859
K2-59,11.2954
K2-62,6.67202
tau Cet,162.87
tau Cet,636.13
Kepler-1652,38.09722
Kepler-20,34.94
NGC 2682 Sand 978,511.21
K2-62,16.1966
K2-63,25.4556
WASP-105,7.87288
HD 9174,1179.0
GJ 3293,122.6196
GJ 3293,30.5987
Wolf 1061,4.8869
K2-64,6.53044
K2-65,12.6475
Kepler-1817,44.29919815
HD 128356,298.2
HD 147873,491.54
Wolf 1061,17.8719
K2-69,7.06599
K2-70,13.97896
GJ 625,14.628
HD 165155,434.5
GJ 3138,5.974
K2-73,7.49543
K2-74,19.5666
K2-21,15.50192
HAT-P-22,3.21222
HAT-P-24,3.35524
HD 17092,359.89999
HD 171028,550.0
HATS-52,1.36665436
KELT-19 A,4.6117093
K2-171,5.628466
K2-170,7.576544
HAT-P-30,2.8106
HD 177830,410.10001
HD 181433,9.3743
HD 238914,4100.0
K2-190,10.098858
K2-172,14.316941
K2-191,2.858646
HAT-P-31,5.00542
BD+48 740,733.0
K2-194,39.721386
K2-200,2.849883
HAT-P-5,2.78849
HD 100655,157.57001
HD 2039,1120.0
HD 20868,380.85001
K2-149,11.332
K2-150,10.59357
K2-179,5.172191
K2-173,5.868699
HD 215152,5.75999
HD 101930,70.46
K2-161,9.283188
HD 215152,7.28243
HD 215152,10.86499
HD 106252,1531.0
HD 103197,47.84
HD 216770,118.45
HD 218566,225.7
K2-165,2.354992
K2-165,4.382745
Kepler-1654,1047.8356
HD 114386,937.70001
K2-176,5.329439
K2-232,11.168454
HD 116029,670.0
HD 125595,9.6737
K2-177,14.155185
K2-186,41.474219
K2-231,13.841901
HATS-39,4.5776348
HD 13189,471.60001
HD 12661,262.70862
HD 31253,466.0
HD 34445,1049.0
K2-190,21.574023
K2-195,28.482786
HATS-41,4.193649
HD 137388,330.0
HD 141937,653.21997
HD 222582,572.38
HD 240237,745.70001
K2-201,1.05979
K2-196,48.324222
HD 142022 A,1928.0
HD 142415,386.29999
Ross 128,9.8658
K2-205,26.672263
K2-202,3.405164
K2-206,18.294549
K2-155,13.85
HD 145377,103.95
HD 149026,2.87589
OGLE-2016-BLG-1190L,1220.0
HD 113996,610.2
K2-209,2.080615
K2-213,8.13087
11 UMi,516.21997
HD 153950,499.39999
HD 154345,3341.55884
CoRoT-9,95.272656
K2-215,8.269648
16 Cyg B,798.5
BD-08 2823,5.6
HD 154857,408.60001
HD 156846,359.51001
K2-66,5.06963
K2-18,8.962
K2-219,3.901287
K2-219,11.137278
BD+14 4559,268.94
BD-10 3166,3.48777
GJ 3942,6.905
K2-221,2.399094
HAT-P-15,10.8635
HAT-P-17,10.33852
HD 168746,6.404
HD 162020,8.4282
HATS-50,3.8297015
HATS-51,3.3488702
K2-158,10.06049
K2-266,0.658524
K2-266,7.814
TrES-1,3.03007
WASP-95,2.18467
K2-159,12.42205
K2-266,14.697
K2-266,19.482
WASP-101,3.58572
HD 285507,6.0881
K2-224,10.09489
K2-224,4.47904
K2-228,2.69828
HATS-36,4.175186
WASP-25,3.76483
WASP-117,10.02165
Kepler-297,150.0189511
Kepler-26,3.543919
K2-229,8.32727
K2-220,13.683256
K2-214,8.596802
K2-151,3.835476
WASP-32,2.71866
HD 95127,482.0
HD 216536,148.60001
K2-259,15.48043
K2-283,1.921036
WASP-35,3.16158
WASP-34,4.31768
K2-153,7.51574
K2-188,1.742169
KELT-8,3.24406
HAT-P-56,2.79083
K2-154,7.95486
K2-269,4.144965
XO-1,3.94153
HD 24064,535.59998
8 UMi,93.4
K2-243,11.54182
K2-107,3.313959
HD 38283,363.20001
WASP-78,2.17518
K2-243,24.94598
K2-117,1.2916
Pr0201,4.4264
HAT-P-40,4.45724
BD+20 594,41.6855
K2-39,4.60543
K2-248,7.17256
HATS-12,3.142702
WASP-157,3.951623
WASP-49,2.78174
WASP-55,4.46563
HATS-43,4.3888497
HATS-44,2.7439004
K2-249,12.409
HD 47186,4.0845
HD 63454,2.81805
HATS-46,4.7423729
K2-252,13.81513
HD 6434,21.998
WASP-56,4.6171
K2-239,5.24
K2-255,1.96417
K2-254,12.11839
K2-257,1.60588
WASP-58,5.01718
K2-239,10.115
K2-239,7.775
K2-240,6.034
K2-258,19.0921
CoRoT-20,9.24285
HD 82886,705.0
HD 8574,227.0
WASP-71,2.90367
HD 222155,3999.0
K2-240,20.523
CoRoT-20,1675.0
HD 89345,11.8143
K2-238,3.20466
NGTS-2,4.511164
EPIC 246851721,6.180235
HR 810,302.79999
HIP 12961,57.435
WASP-68,5.0843
NGC 2682 Sand 364,121.71
HATS-67,1.6091788
HATS-68,3.5862202
WASP-162,9.62468
WASP-168,4.153658
HD 28678,380.2
HD 30856,847.0
HATS-69,2.2252577
HD 202696,517.8
HD 1397,11.53533
TRAPPIST-1,9.20754
HD 5319,637.1
HD 73534,1750.0
HD 202696,946.6
WASP-190,5.367753
WASP-147,4.60273
HD 96167,498.04
HAT-P-25,3.65281514
WASP-165,3.465509
HD 159868,351.0
K2-290,48.36685
K2-291,2.225177
K2-216,2.1748
GJ 96,73.94
HD 75784,341.2
HD 75784,7900.0
GJ 4276,13.352
LHS 3844,0.46292913
HD 65216,5370.0
HD 95089,1785.0
HD 14787,676.6
K2-53,12.20772
HD 92788,11611.2975
K2-284,4.795069
HD 72490,858.0
K2-90,13.733314
K2-294,2.50387
HD 85390,799.52
HD 99706,1278.0
HD 4917,400.5
WASP-161,5.4060425
HD 202772 A,3.308958
K2-292,16.9841
GJ 685,24.16
HD 102329,1123.0
WASP-170,2.34478022
K2-285,3.471745
HD 134060,3.2696
TOI-172,9.47725
GJ 3779,3.0232
GJ 1265,3.6511
HD 20003,33.9239
HD 20003,11.8482
K2-123,30.951524
70 Vir,116.688
K2-24,42.3391
HD 20782,597.0643
HD 20781,13.8905
K2-188,7.810253
HD 106270,1888.0
HD 131496,896.0
K2-287,14.893291
K2-286,27.359
K2-288 B,31.393463
HD 31527,51.2053
HD 21693,53.7357
K2-189,6.679195
HD 152581,686.5
HD 159868,1184.1
HATS-60,3.560829
HD 51608,14.0726
HD 45184,5.8854
K2-192,4.162817
K2-193,14.786889
HD 163607,1272.0
HATS-61,7.817953
HATS-62,3.2768837
HD 20781,29.158
HD 20781,85.5073
K2-197,8.357881
HD 185269,6.83776
HD 192699,340.94
HATS-65,3.105161
HATS-63,3.0566527
K2-264,5.840002
WASP-145 A,1.7690381
K2-279,7.122605
HD 200964,606.3
HD 200964,852.5
K2-198,3.3596055
Kepler-763,6.50327035
HD 25171,1802.29
HD 23127,1211.17
HD 38801,685.25
K2-146,4.00498
K2-146,2.6446
HD 4208,832.97
HAT-P-70,2.74432452
HAT-P-69,4.7869491
WASP-67,4.61442
Kepler-205,20.306546
K2-295,4.024867
K2-133,3.07133
HD 50499,2447.1
TOI-178,20.7095
Kepler-1996,92.7297248
Kepler-2001,14.092583189
K2-133,11.02454
K2-133,26.5841
HATS-58 A,4.2180896
HR 5183,27000.0
Kepler-1995,73.7578875
K2-166,3.80464
Kepler-23,15.27
WASP-169,5.6114118
WASP-171,3.8186244
Kepler-130,8.457458
K2-16,2.71578
WASP-175,3.0652907
Kepler-975,5.05821338
EPIC 206317286,1.58252
HAT-P-9,3.92281072
Kepler-19,28.731
Kepler-1987,3.64830183
EPIC 212499991,34.885
Kepler-9,38.9853
WASP-2,2.152175
WASP-44,2.423804
WASP-50,1.9551
GJ 15 A,11.4407
Kepler-619,11.67894236
Kepler-1869,1.716828304
Kepler-1994,4.61225043
Kepler-65,258.8
K2-308,3.38628
EPIC 248847494,3650.0
GJ 15 A,7600.0
Kepler-47,49.4643
WASP-3,1.84683
HD 2685,4.12688
EPIC 212737443,13.603
Kepler-47,303.227
KELT-23 A,2.255251
HD 106315,9.55237
GJ 180,24.329
GJ 682,17.478
GJ 143,35.61253
GJ 143,7.78993
LSPM J2116+0234,14.4399
WASP-87,1.682795
TOI-4602,3.9812091
TOI-178,3.23845
Qatar-8,3.71495
HD 117207,2621.75
HR 8799,20815.6
Kepler-56,10.5016
Kepler-318,11.815007
K2-168,8.050722
HD 164604,641.472
HD 210193,649.918
HD 126525,960.41
K2-43,2.198884
HD 152079,2918.92
HD 187085,1019.74
HIP 65 A,0.9809734
Kepler-1162,59.284064
HD 213885,4.78503
WASP-126,7.63
CoRoT-30,9.06005
Kepler-1649,19.53527
TOI-169,2.2554477
TOI-157,2.0845435
Kepler-1982,3.82315697
HATS-37 A,4.3315366
K2-315,3.1443189
HATS-38,4.375021
Kepler-1610,44.9851885
Kepler-80,14.64558
HD 86226,1628.0
DMPP-1,5.516
DMPP-3 A,6.6732
Kepler-1667,83.5781
Kepler-1984,1.992812339
GJ 433,7.3705
TOI-813,83.8911
KELT-7,2.73477
Kepler-759,41.805985
Kepler-1663,17.6046
Kepler-1666,40.7157
Kepler-2001,1.090011003
GJ 433,5094.105
HD 164922,75.74
Kepler-1678,147.974
Kepler-1085,56.7771
Kepler-1126,199.66876
EPIC 249893012,3.5951
WASP-150,5.644207
Kepler-1676,29.9221
Kepler-1677,22.064
Kepler-1052,180.921729
EPIC 249893012,15.624
EPIC 249893012,35.747
KOI-142,22.26492
KOI-142,1403.0
Kepler-1673,33.7888
Kepler-1682,14.8334
Kepler-1491,61.569765
TOI-1468,1.8805201
HAT-P-2,8500.0
TOI-244,7.397225
KOI-142,10.91647
Kepler-1518,9.6310258
Kepler-347,85.517344
Kepler-549,24.61480613
TOI-2207,8.001968
TOI-2969,1.8237146
Kepler-314,5.960392
Kepler-763,4.09667624
Kepler-1999,8.7396758
GJ 1061,6.689
GJ 1061,13.031
Kepler-56,1002.0
TOI-163,4.231306
HATS-47,3.9228038
Kepler-864,2.42150341
HATS-72,7.3279474
Wendelstein-1,2.663416
NGTS-8,2.4997
NGTS-9,4.43527
WASP-127,4.17806203
Kepler-40,6.87349
Wendelstein-2,1.7522239
PDS 70,43500.0
Kepler-1977,4.53702121
HD 220197,1728.0
HD 158259,3.432
HD 95338,55.087
Kepler-1990,4.06844957
PSR B0329+54,10140.0
HD 96992,514.0
HD 24040,515.4
Kepler-1699,3.49082
TOI-892,10.62656
TYC 0434-04538-1,193.2
55 Cnc,14.6516
HD 68988,16000.0
Kepler-1697,33.4969
Kepler-647,29.6663
TIC 237913194,15.168865
Gl 686,15.53
55 Cnc,259.88
LHS 1478,1.9495378
Kepler-1666,25.8476
GJ 687,38.142
NGTS-14 A,3.5357173
HD 13808,53.753
HD 5278,14.339156
WASP-187,5.147878
HD 110082,10.18271
CFHTWIR-Oph 98 A,8040000.0
HIP 107772,55.199
WASP-107,5.7214742
TOI-1333,4.720219
HIP 48714,17.818
HIP 4845,34.15
TOI-251,4.93777
WASP-107,1088.0
HAT-P-68,2.29840551
HD 238090,13.671
NGTS-17,3.24253
Kepler-1514,10.514181
K2-138,3.56004
K2-32,20.66093
TOI-763,12.2737
TOI-763,5.6057
HATS-71,3.7955202
TOI-564,1.651144
TOI-905,3.739494
K2-138,8.26146
NGTS-15,3.27623
NGTS-16,4.84532
K2-32,4.34934
TOI-824,1.392978
TOI-451,1.858703
K2-138,41.96797
K2-138,12.75758
K2-32,8.992
HD 108236,3.795963
GJ 740,2.37756
Kepler-1680,8.77424
Kepler-1685,20.4905
GJ 3473,1.1980035
HD 108236,19.590025
HD 60292,495.4
TOI-1231,24.245586
Kepler-1686,9.30987
Kepler-249,3.306539
HD 108236,29.54115
HD 152843,24.38
Kepler-178,20.552802
Kepler-33,31.7844
HD 110113,2.541
HD 110113,6.744
HD 107148,18.3267
Kepler-1692,5.95966
Kepler-1694,3.89526
EPIC 201170410,6.7987
MASCARA-4,2.8240932
HD 141004,15.5083
TOI-954,3.6849729
TOI-1468,15.532477
HD 168009,15.1479
HD 164922,41.763
HD 213472,17000.0
Kepler-896,29.5422566
Kepler-1695,4.7329
K2-329,12.4551225
HD 77946,6.527363
K2-340,29.740451
HD 39194,14.03
TIC 172900988 Aa,200.452
TOI-1749,9.0497
Kepler-1704,988.88112
TOI-1130,4.074554
K2-346,26.201446
HD 93385,7.3426
HD 93385,45.85
HD 109286,520.1
TOI-663,7.1027268
K2-350,19.991944
HD 96700,19.88
HD 96700,103.5
HD 115954,3700.0
K2-185,52.713494
EPIC 212587672,23.228555
HD 189567,14.288
G 264-012,2.30538
K2-331,22.996591
TOI-1201,2.4919863
TOI-1431,2.650237
G 264-012,8.0518
HAT-P-58,4.0138379
K2-333,14.759287
TOI-3362,18.09547
HAT-P-59,4.1419771
TOI-4794,3.5658116
K2-344,3.35585
K2-343,7.676972
K2-348,4.688418
HAT-P-43,3.3326414
HAT-P-63,3.377728
HAT-P-61,1.90231289
K2-348,12.550171
CD Cet,2.2907
K2-183,22.620344
TOI-530,6.387597
Kepler-129,2646.0
HAT-P-64,4.007232
Kepler-129,82.2
K2-352,14.871387
K2-187,13.606629
K2-282,4.169783
HD 25723,457.01
GJ 9689,18.27
Kepler-129,15.79
KIC 10068024,2.073549
K2-268,4.528598
TOI-558,14.574071
KIC 5479689,1.701531
TOI-532,2.3266508
K2-268,6.131243
BD+45 564,307.88
BD+55 362,265.59
EPIC 212587672,15.28078
EPIC 212624936,11.811437
K2-137,0.179719
HD 124330,270.66
TOI-270,11.379573
TOI-270,5.6605731
HD 136352,11.57797
K2-350,4.163873
HD 136352,107.245
K2-268,9.327527
EPIC 212624936,0.578657
TOI-1259 A,3.477978
HIP 75092,926.4
TOI-1062,4.11296
K2-335,12.283211
K2-85,0.684559
K2-100,1.6739035
HD 97658,9.4897116
K2-337,16.273563
K2-183,10.787992
K2-187,7.149584
K2-140,6.569188
TOI-1749,4.4929
Kepler-1820,31.03249931
Kepler-58,10.2184954
HIP 97166,16.432
Kepler-1858,88.07160187
Kepler-1860,12.73719978
K2-122,2.2193023
Kepler-1764,70.46829987
Kepler-1765,10.41889954
Kepler-1863,44.99760056
K2-274,14.1330314
K2-275,3.2809626
Kepler-1766,105.0149994
Kepler-1759,3.720230103
Kepler-1794,9.762980461
Kepler-1865,2.524009943
Kepler-1866,11.66009998
K2-275,8.4388385
Kepler-1760,38.3260994
Kepler-1785,19.58550072
Kepler-1796,29.4557991
Kepler-1311,197.5110016
HD 29399,892.7
Kepler-1775,85.65399933
Kepler-487,2.418390036
Kepler-799,15.19419956
Kepler-1872,3.825910091
Kepler-1873,0.558842003
TOI-2257,35.189346
HD 137496,1.62116
TOI-1268,8.1577094
Kepler-1823,21.10339928
Kepler-1822,22.13339996
Kepler-1874,56.57320023
HD 137496,479.9
Kepler-1732,32.31240082
Kepler-1780,109.4449997
Kepler-1827,3.700619936
Kepler-1828,10.2737999
Kepler-1130,4.272250175
Kepler-1736,37.81029892
Kepler-1768,15.13589954
Kepler-1779,16.34359932
Kepler-1829,5.186719894
Kepler-1831,5.78387022
Kepler-1882,13.78730011
Kepler-1737,64.61750031
Kepler-1776,35.01190186
Kepler-1771,88.64399719
Kepler-1832,3.138789892
Kepler-1834,4.603010178
Kepler-1885,2.522559881
Kepler-1130,3.266639948
Kepler-1734,6.796850204
Kepler-418,12.21829987
Kepler-1799,11.9296999
Kepler-1800,4.562029839
Kepler-1835,11.96409988
Kepler-1837,5.906089783
Kepler-1878,4.445879936
Kepler-1750,205.9120026
TRAPPIST-1,4.049219
Kepler-1801,10.44089985
Kepler-1804,12.28849983
Kepler-1838,12.14680004
Kepler-1839,5.056759834
K2-101,14.6762429
Kepler-1748,5.823520184
Kepler-1808,23.3404007
Kepler-1842,14.02639961
K2-355,5.7385647
Kepler-1741,2.757590055
Kepler-1742,49.47819901
Kepler-1810,101.1330032
Kepler-1812,7.165219784
Kepler-1845,11.60649967
K2-356,21.0267366
K2-357,16.3488637
Kepler-1745,3.016190052
Kepler-1744,37.10110092
Kepler-1814,2.935359955
Kepler-1815,12.19139957
Kepler-1846,14.82009983
K2-358,11.2510285
K2-105,8.2669928
Kepler-1669,1.609320045
Kepler-1787,39.31370163
Kepler-1816,91.50099945
Kepler-1853,48.88819885
K2-272,14.4536756
Kepler-1757,19.65640068
Kepler-1758,9.977210045
Kepler-1818,4.644909859
Kepler-1819,16.48690033
Kepler-1856,1.302000046
K2-121,5.1857539
K2-273,11.7195663
KOI-134,33.95
TOI-2180,260.79
Kepler-1308,2.104338119
Kepler-1897,24.22030067
Kepler-1964,2.440829992
WASP-174,4.2337005
TOI-1064,6.443868
TOI-1064,12.226574
Kepler-1900,2.986229897
Kepler-1901,3.484129906
Kepler-287,44.851896
HD 360,273.1
HD 10975,283.8
Kepler-1903,17.0678997
Kepler-1906,7.362689972
Kepler-1914,30.82789993
Kepler-1913,14.1960001
HD 79181,273.1
TOI-206,0.7363104
TOI-1442,0.4090677
Kepler-1910,5.688769817
Kepler-1918,47.0564003
gam Psc,555.1
Kepler-534,7.378689766
Kepler-589,3.52466011
Kepler-1488,6.158269882
Kepler-1919,37.88660049
HIP 5763,30.014
HIP 34222,159.986
TOI-2445,0.3711281
TOI-2427,1.3060011
Kepler-1922,13.22259998
Kepler-1923,52.60969925
HATS-74 A,1.73185606
HATS-75,2.7886556
K2-382,21.700156
Kepler-1938,13.06260014
Kepler-1939,2.790659904
Kepler-1924,15.33170033
HATS-77,3.0876262
HATS-76,1.9416423
K2-19,7.9222
K2-381,16.034656
K2-387,28.735327
Kepler-1940,4.950610161
Kepler-1941,31.33510017
Kepler-1722,9.178569794
Kepler-1073,2.504760027
HD 64121,623.0
K2-381,7.9389334
K2-381,26.803023
Kepler-1943,4.850180149
Kepler-1944,9.842579842
Kepler-1931,38.5760994
HD 69123,1193.3
Kepler-223,19.72567
Kepler-1946,3.035190105
Kepler-1933,4.943290234
Kepler-1899,4.095779896
Kepler-394,5.613580227
Kepler-196,122.0800018
Kepler-529,35.86619949
Kepler-1926,42.87770081
YZ Cet,3.05989
YZ Cet,2.02087
YZ Cet,4.65626
KOI-351,59.73667
Kepler-495,5.896609783
Kepler-1728,4.782999992
Kepler-1729,4.220970154
Kepler-1730,13.81019974
Kepler-1972,7.54425
Kepler-1312,1.116119981
Kepler-501,3.622760057
Kepler-1869,8.167360306
Kepler-1600,7.298049927
Kepler-1954,5.883430004
Kepler-1726,18.39629936
WASP-28,3.40883495
Kepler-1693,5.363709927
Kepler-1956,5.943719864
Kepler-1957,2.186619997
Kepler-1708,737.1131
Kepler-1705,11.28
Kepler-1960,2.297940016
Kepler-1958,9.328619957
Kepler-633,23.78319931
Kepler-1711,21.06080055
Kepler-1705,9.03502
Kepler-1892,6.331230164
Kepler-1963,1.962260008
GJ 411,12.9394
K2-391,4.622654
TOI-1670,10.98462
Kepler-1656,1919.0
eps Eri,2671.0
K2-370,2.14084
K2-317,6.22
Kepler-167,1071.23205
K2-396,0.673862
K2-318,7.01
HD 28109,84.25999
Kepler-167,21.80379
K2-398,18.787839
K2-322,8.205
Ross 508,10.77
TOI-712,51.69906
TOI-712,9.531361
K2-401,6.293099
K2-325,6.93
HD 83443,8241.0
K2-403,33.589979
TOI-1227,27.36397
K2-326,1.256
TOI-1759,18.85019
TOI-2136,7.851928
TOI-3331 A,2.0180231
TOI-3540 A,3.119999
K2-406,22.549406
CoRoT-36,5.616531
TOI-2421,4.3474032
K2-407,9.22453
K2-407,4.941907
K2-408,20.978959
Kepler-83,20.09
GJ 3929,15.04
TOI-2567,5.983944
K2-374,4.521953
K2-25,3.48456408
TOI-2193 A,2.1225735
K2-212,9.795647
K2-374,16.43445
iot Dra,25000.0
iot Dra,510.8544
TOI-500,0.548177
K2-373,11.02066
K2-365,23.448172
TOI-4479,1.1589
K2-379,8.777247
K2-380,9.401312
K2-384,13.62749
K2-367,20.645099
K2-366,15.937039
K2-368,5.025598
TOI-620,5.0988179
GJ 9066,771.36
KOI-984,4.2881785
TOI-2081,10.50534
K2-384,4.194766
K2-369,5.761612
TYC 2187-512-1,691.9
TOI-1246,4.30744
HD 260655,2.76953
K2-372,9.844077
HIP 94235,7.713057
HD 260655,5.70588
HD 33142,89.9
K2-394,5.095717
TOI-216,17.16073
HD 19615,402.0
HD 174205,582.0
K2-388,6.339069
HD 73583,6.398042
HD 73583,18.87974
HD 149806,16521.52778
HD 144899,40.43914
HD 151450,21.89288
GJ 2030,25533.11353
HD 168443,58.11187
HD 156279,133.40355
HD 168443,1753.1096
GJ 676 A,13921.42302
HD 72892,39.44603
HD 151450,18144.76236
HD 153557,15.27018
GJ 9714,19240.75467
HD 169830,225.67372
HD 30177,12085.45186
HD 153557,40654.64809
HD 12235,4.36305
HD 203387,512.5352
HD 183263,4667.97841
HD 183263,624.87404
HD 204313,2041.11539
HD 27894,5019.54244
HD 156098,21.85849
HD 156098,7841.5839
HD 155918,17202.19446
HIP 19976,50.65905
HIP 35965,26125.56497
HD 181234,7593.40512
HD 168863,14773.93272
HIP 55507,5138.43727
HD 27894,18.01939
HD 23596,1535.11912
HD 28185,385.52775
HD 125390,1757.39151
GJ 229,121.93268
HD 190228,1143.59858
Kepler-787,0.928310498
HD 30177,2514.53422
HD 38529,14.3099
HIP 56640,2675.57603
HD 81817,1021.20159
HIP 90988,455.73816
HD 205158,25.33798
HD 23472,29.79749
HD 23472,12.1621839
HD 4113,526.5239
HD 38529,2127.60566
HD 43197,308.92072
14 Her,15732.45889
HD 217786,2.52221
HD 217958,2560.19774
HD 190360,2854.0
HD 66428,2269.81726
HD 80869,1752.92067
HD 25912,41.83156
TOI-2048,13.79019
HD 74156,51.63564
HD 73267,1257.99159
HD 74156,2448.48726
HD 105618,10.02245
HD 95544,2041.54152
HD 105618,77114.07158
HD 28185,17417.92079
LP 890-9,8.457463
HD 7449,1270.55195
HD 109988,17132.15854
HD 43197,9295.9735
TOI-4137,3.8016122
HD 8673,1644.69097
HD 111232,26472.44623
HD 62364,74839.94555
HD 106515 A,3586.86089
HD 98649,5697.3043
HD 142,10159.64279
HIP 8541,228.53731
14 Her,1765.0389
GJ 676 A,3.60076
HD 219077,5478.68861
HD 125271,14901.99295
HD 127506,65.78395
HD 86065,25775.78859
HD 80913,10839.83341
HD 111232,1169.13202
HD 10697,1075.3799
HD 125612,557.69994
HD 113337,317.58639
HD 135872,2422.32597
HD 88072,18538.79293
HD 93351,2.45946
HD 125612,4.15466
HD 125612,2822.72698
HD 145934,2751.53433
HD 142,108.45299
HD 13724,142.22895
GJ 2030,2.38129
HD 93351,14010.2941
HD 126614,1257.25303
HD 214823,1854.84424
HD 191806,1603.38923
HD 219828,4789.87297
TOI-2583 A,4.5207265
TOI-2587 A,5.45664
TOI-2096,3.1190633
TOI-2096,6.38784
K2-411,3.2141
TOI-700,9.977219
TOI-2842,3.5514058
HD 18438,803.0
TOI-4603,7.24599
K2-413,0.8094
K2-413,5.3301
TOI-700,37.42396
TOI-2977,2.3505614
K2-412,5.9382
K2-414,6.669
MASCARA-1,2.14877381
TOI-3688 A,3.246075
K2-136,17.30713
HD 114082,109.75
TOI-3807,2.8989727
K2-415,4.0179694
VHS J125601.92-125723.9,5800000.0
TOI-1260,3.127463
TOI-4342,5.5382498
TOI-4087,3.1774835
Kepler-68,632.62
TOI-4463 A,2.8807198
K2-263,50.818947
HD 109833,13.900148
HD 80653,0.719573
GJ 1002,21.202
L 363-38,8.781
TOI-181,4.532
TOI-733,4.884765
HD 23472,7.90754
KOI-217,3.90512
TOI-1811,3.7130765
TOI-5238,4.872171
GJ 3090,2.8531054
HD 167768,20.6532
HATS-54,2.5441765
TOI-2152,3.3773512
TOI-5542,75.12375
NGTS-24,3.4678796
TOI-2154,3.8240801
TOI-2497,10.655669
NGTS-25,2.823093
TOI-277,3.994
Wolf 1069,15.564
TOI-836,8.59545
TOI-2338,22.65398
KIC 3526061,3552.0
TOI-1695,3.1342791
TOI-836,3.81673
TOI-1937 A,0.94667944
PZ Tel,44000.0
TOI-969,1700.0
HD 206893,2090.0
TOI-4184,4.9019804
TOI-4010,5.414654
GJ 367,11.5301
GJ 367,34.369
Kepler-323,3.5538229
Kepler-20,77.611455
TOI-5340,4.9394392
TOI-4010,1.348335
HN Lib,36.116
TOI-1630,12.055734733
TOI-2194,15.337597
TOI-2459,19.104718
GJ 649,600.1
TOI-4010,762.0
GJ 849,1925.31
TOI-1052,35.806
Kepler-107,3.1800218
Kepler-37,39.7922622
TOI-4308,9.151201
GJ 328,3771.0
GJ 849,5990.0
Kepler-276,31.884
Kepler-20,19.578328
TOI-5803,5.38305
BD-210397,1891.0
GJ 328,241.8
TOI-1470,2.527093
TOI-1470,18.08816
KOI-13,1.763588
HD 74698,3449.0
HD 94771,2164.0
HD 36384,490.0
Kepler-37,13.36702
Kepler-68,9.605027
HD 207496,6.441008
WASP-84,8.52349648
GJ 9404,13.4586
HD 196050,1392.0
Kepler-1655,11.8728787
Kepler-1876,6.99205
TOI-5678,47.73022
AF Lep,8030.0
rho CrB,39.8438
HD 6860,663.87
Kepler-323,1.678328
HD 165131,2342.6
HD 89839,3441.0
rho CrB,282.2
rho CrB,12.949
Kepler-454,10.5737534
TOI-1416,1.0697568
K2-3,24.646729
K2-3,10.0546535
Kepler-277,17.324
TOI-2095,17.66484
K2-36,1.422614
K2-417,6.535
K2-3,44.55603
K2-38,10.56103
HD 3167,0.959641
K2-110,13.86375
HD 22946,4.040295
HD 3167,29.8454
TOI-1221,91.68278
TOI-4377,4.378081
TOI-5293 A,2.930289
K2-141,0.2803244
LP 791-18,0.9479981
LP 791-18,4.9899093
LHS 1815,3.814334
Kepler-68,5.39875259
WISE J033605.05-014350.4,2560.0
LP 791-18,2.753436
TOI-1235,3.444714
TOI-1634,0.9893455
TOI-2641,4.880974
WASP-193,6.2463345
Kepler-20,6.0984882
DMPP-4,3.4982
TOI-778,4.633611
K2-2016-BLG-0005L,4700.0
TOI-2373,13.33668
TOI-4438,7.44628
HD 47366,677.53
TOI-199,273.69
HD 63433,4.209075
HD 104067,55.851
HD 190007,11.724128
TOI-4201,3.5819194
TOI-5398,10.590547
TOI-1853,1.2436258
HIP 113103,7.610303
TOI-5344,3.792622
TOI-5398,4.77271
HD 134606,12.089
gam Cep,913.0
HIP 113103,14.245648
Kepler-1513,160.8842
TOI-5126,5.4588385
Kepler-1513,841.4
HD 134606,4.3203
Kepler-849,394.62508
Kepler-553,328.24017
6 Lyn,919.86
81 Cet,1005.57
TOI-1801,10.64387
TOI-5126,17.8999
PH2,282.52542
Kepler-880,7.71468975
HD 104985,199.68
eps Tau,585.82
GJ 724,5.101284
HAT-P-65,2.60544751
TOI-1136,18.801
HD 167042,417.67
HD 173416,322.03
HD 110067,9.113678
TOI-4641,22.09341
HD 110067,13.673694
Wolf 327,0.5734745
TOI-1136,12.5199
HD 32518,157.35
HD 210702,355.5
HD 81688,183.93
CI Tau,25.2
TOI-1994,4.0337142
TOI-4515,15.266446
TOI-1136,26.321
kap CrB,1253.68
xi Aql,136.97
HD 88986,146.05
HD 110067,54.76992
LHS 1678,0.8602325
M62H,0.132935028
11 Com,323.21
AU Mic,8.46308
AU Mic,18.85969
GJ 9827,1.208974
HD 44219,472.0
HD 5608,768.7
nu Oph,3180.6
75 Cet,696.62
AU Mic,12.73596
NGC 2682 Sand 1429,77.48
HD 111998,810.0
HIP 70849,3649.0
HD 114783,4352.0
omi UMa,1569.81
TOI-2141,18.26157
LTT 3780,12.252284
TOI-1798,8.021522331
HD 140901,14386.0
HD 4732,3184.2
HD 4732,371.74
ome Ser,278.59
LHS 3154,3.71778
Teegarden's Star,4.90634
Teegarden's Star,11.416
HIP 54597,3274.0
HD 2952,312.08
TOI-544,50.089
TOI-2134,9.2292005
TOI-544,1.548352
Teegarden's Star,26.13
TOI-1199,3.671463
HD 75302,4356.0
HD 108202,2990.0
HD 208897,358.27
TOI-2134,95.5
TOI-2010,141.834025
24 Boo,30.33
HD 47366,360.08
TOI-3919,7.433234
TOI-4153,4.6174141
TOI-1249,13.079151
WASP-47,4.159151
TOI-4633,271.9445
Kepler-305,16.74
TOI-5232,4.0966692
TOI-1269,4.2529913
WASP-47,9.030501
TIC 46432937,1.44044527
TOI-762 A,3.4716826
TOI-1294,3.915292
TOI-1288,2.6998279
Gliese 12,12.761408
TOI-907,4.5849129
TOI-1410,1.21687
TOI-1386,25.8401
TOI-2447,69.33684
TOI-3353,4.6657965
HD 63433,20.543847
Kepler-25,12.7207
TOI-776,15.665323
TOI-776,8.24662
TOI-5082,4.240122
TOI-1807,0.54937097
Kepler-100,35.3331
TOI-1451,16.537944
TOI-2076,35.125686
TOI-3486,2.21778105
BD-14 3065 A,4.2889731
HD 63935,9.058807
TOI-1694,3.770107
TOI-4336 A,16.336334
SPECULOOS-3,0.71912603
TIC 139270665,23.624
HIP 56998,4.46569
TOI-2005,17.305904
TOI-2031 A,5.71548654
Kepler-102,5.286965
HIP 9618,52.56363
TIC 139270665,1010.0
TOI-815,11.197259
TOI-1246,18.654874
HD 6061,5.2549
TOI-5720,1.4344555
TOI-1224,4.1782745
TOI-1224,17.945466
TOI-1246,37.92548
TOI-238,1.273114
KOI-2513,19.00547
TOI-871,14.362565
TOI-6086,1.3888725
HD 48948,38.06
HD 48948,7.34013
TOI-1710,24.283377
Kepler-1009,11.35011917
WASP-76,1.80988198
HIP 8152,10.751014
Kepler-342,15.170318
HD 73344,15.611
TOI-3261,0.8831331
HIP 8152,19.60562
TOI-329,5.70439
HIP 39017,31000.0
Kepler-984,43.0342272
TOI-2107,2.4545467
TOI-3877,4.123596
TOI-480,6.866196
TOI-3321,3.6525145
TOI-3894,4.33454
TOI-669,3.945152
Kepler-48,5219.681854
TOI-5713,10.441989
TOI-1184,5.748433803
TOI-1244,6.400316483
TOI-757,17.46819
Kepler-1979,18.5084526
TOI-1437,18.840942
HD 183579,17.471291
K2-203,9.6952
TOI-6651,5.056973
HD 135694,15.923475568
TOI-1301,6.096407209
TOI-421,5.197576
KOI-1783,134.4628
HIP 67522,6.9594731
K2-211,0.669561
Kepler-315,96.101141
TOI-2420,5.842641
HIP 116454,9.1004157
K2-226,3.27109
TOI-1659,5.877556328
TOI-1338 A,215.79
TOI-2485,11.23479
GJ 9827,6.20183
K2-147,0.961939
TOI-1130,8.3501898
eps Ind A,16510.0
K2-237,2.18053332
K2-250,4.01392
TOI-4379,3.25352
HD 81040,1004.7
HD 132406,908.0
K2-260,2.62669762
TOI-2211,3.092686757
TOI-1799,7.094570865
TOI-4638,10.283918787
TOI-6029,5.7987
KELT-24,5.55149296
K2-321,2.2979749
K2-167,9.978541
TOI-1782,1.829024227
TOI-2529,64.5949
TOI-3568,4.417965
K2-57,9.0073
K2-265,2.36902
Kepler-48,9.67395
TOI-5634 A,2.2035373
TOI-5616,2.002849
TOI-6034,2.576184
L 168-9,1.40152604
K2-77,8.2000844
TOI-1772,8.054246874
HD 11506,1617.7
TOI-1453,4.3135225
K2-97,8.407115
K2-180,8.865663
TOI-2169 A,8.2148282
HD 75898,6717.0
TOI-2986,3.2783662
GJ 486,1.46712127
K2-182,4.7369696
K2-181,6.893813
TOI-1824,22.808533
Kepler-879,0.646716
TOI-3884,4.5445828
K2-114,11.390931
K2-98,10.1367349
TOI-2019,15.3444
KOI-4978,0.941967
TOI-2379,5.4693827
COCONUTS-2 A,402000000.0
K2-115,20.2729914
K2-277,6.326768
TOI-2145,10.261127
HD 222237,14892.0
TOI-2714,2.499387
TOI-2274,2.67963
HD 86728,31.1515
Kepler-85,8.3
TOI-2981,3.601501
TOI-5319,4.07853
TOI-1180,9.686760378
TOI-1386,232.0
HD 35843,46.9622
TOI-4504,82.97213
K2-99,18.24783
EPIC 220674823,0.5713127
ZTF J1230-2655,0.23597766
Kepler-1152,1.646801908
TOI-4504,2.42614
TOI-4504,40.5634
EPIC 220674823,13.33989
TOI-1803,12.885779
TOI-6016,4.023687
TOI-561,25.71268
TOI-1478,10.1802117
TOI-1803,6.293287
TOI-6130,2.392679
TOI-5108,6.753581
HAT-P-11,4.888
GJ 1289,111.74
Barnard's star,2.3402
WASP-77 A,1.360029395
HIP 67851,89.23
TOI-2886,1.60200105
TOI-5786,12.779107
HR 858,3.585287
WASP-195,5.051928
WASP-116,6.6132
HD 87816,7596.0
HD 94890,824.61
HD 73344,65.94
TOI-2328,17.10197
TRAPPIST-1,2.421937
HD 73344,5823.0
TOI-5027,10.24368
WASP-155,3.110413
WASP-102,2.709813
TIC 434398831,3.685504
EPIC 201595106,9.79692
GJ 581,5.3686
TOI-6628,18.18424
GJ 581,12.9211
TOI-2202,11.9126075
HD 94890,2492.19
HD 20794,18.314
WASP-132,1816.6
GJ 581,3.1481
WASP-131,5.3220125
WASP-106,9.28969
Kepler-58,15.5741568
TOI-6695,80.389
Gl 725 A,11.2201
TOI-3160 A,3.971281
HD 39091,6.267852
TOI-3523 A,2.30458952
G 268-110,1.43263
TOI-6054,7.492991423
HD 15337,4.7559804
TOI-2443,15.66858
G 192-15,1219.0
G 192-15,2.27476
G 261-6,5.4536
TOI-2458,3.73659
TOI-6054,12.574998029
HD 15337,17.180546
TOI-3493,8.1594667
Kepler-105,5.4122034
TOI-3856,2.04360352
TOI-2015,3.348237
TOI-1266,32.509
OGLE-2016-BLG-0007L,14200.0
TOI-4994,21.491984
TOI-406,13.175682
TOI-2537,94.1022
TOI-5076,23.443162
GJ 3998,13.727
GJ 3998,41.78
TOI-771,2.3260155
TOI-406,3.307441
TOI-2295,966.5
TOI-677,11.2365985
K2-157,25.942
K2-178,8.747818
TOI-5688 A,2.94815527
TOI-6383 A,1.79058695
K2-99,522.2
TOI-2537,1920.0
K2-270,1.543069
Kepler-184,29.022358
K2-187,2.871512
K2-280,19.89526
Kepler-21,2.7858212
Kepler-197,5.599308
HD 114729,1121.79
K2-157,0.3652575
K2-156,0.813143
HD 117618,25.8
K2-244,21.06884
HD 11964,37.91
K2-160,3.705871
HD 121504,63.33
K2-162,9.45889
Kepler-20,10.8540774
EPIC 201595106,0.87724
HD 10180,122.744
HD 12661,1708.0
K2-175,9.525988
HD 134987,258.17999
Kepler-9,1.592851
K2-185,10.616384
HD 102195,4.11377
HD 134060,1291.5646
HD 102329,778.09998
HD 102365,122.1
K2-341,36.552551
K2-189,2.588309
K2-201,22.779878
K2-222,15.38857
K2-334,5.113981
HD 108863,437.7
K2-352,8.234885
G 9-40,5.7459982
K2-342,11.561052
HD 109246,68.27
HD 108874,394.48123
Kepler-132,18.010199
K2-281,8.687721
HAT-P-3,2.8997
HAT-P-37,2.797436
HD 158038,521.0
HAT-P-8,3.07634
HD 100777,383.0
HD 160691,645.0
HD 10180,16.357
HD 10180,49.748
HD 160691,307.9
HD 136352,27.59221
HD 136418,464.29999
HD 13808,14.1815
HD 163607,75.2203
HD 13931,4218.0
HD 16417,17.24
HD 139357,1124.79139
HD 142245,1299.0
HD 164922,1207.0
HD 142,351.43394
HD 1690,533.0
HD 143361,1039.15
HD 169830,1818.82339
HD 1461,5.77152
HD 147018,44.236
HD 148427,331.5
Kepler-222,28.081912
HD 155358,391.9
HD 155358,194.3
HAT-P-36,1.32734683
HD 156668,4.6455
Kepler-6,3.2346996
Kepler-491,4.225384512
Kepler-257,2.382667
GJ 676 A,1051.44521
GJ 832,3853.0
GJ 179,2288.0
GJ 667 C,7.203
KOI-134,67.1277
TOI-5882,7.148972
HD 17156,21.21663
HD 175541,298.43
HD 202206,1260.0
CoRoT-10,13.2406
HD 204941,1733.0
CoRoT-11,2.99433
CoRoT-18,1.9000693
HD 180902,510.9
HD 206610,673.2
CoRoT-19,3.89713
HD 118203,5103.0
WASP-96,3.4252602
HD 181342,564.1
HD 20781,5.3135
CoRoT-8,6.21229
CoRoT-7,0.85359163
HD 181433,962.0
GJ 3021,133.71
GJ 86,15.76491
HD 181720,956.0
HD 213240,882.70001
HD 216435,1311.0
GJ 876,61.1166
HAT-P-12,3.2130598
HD 187123,3.0965828
HAT-P-14,4.62767
HD 18742,766.0
SWEEPS-4,4.2
HAT-P-19,4.00878322
HD 190360,17.111
HAT-P-21,4.12448
HD 192310,525.8
30 Ari B,335.10001
HD 23079,730.59998
47 UMa,14002.0
4 UMa,270.27
Kepler-770,18.92540274
Kepler-1738,7.674630165
55 Cnc,5574.2
HD 27442,428.1
55 Cnc,0.7365474
61 Vir,38.021
61 Vir,4.215
HD 285968,8.7836
61 Vir,123.01
HD 30562,1157.0
BD+20 2457,379.63
bet Pic,8617.50952
Kepler-138,10.3134
BD+48 738,392.6
HD 31527,16.5535
HD 330075,3.38773
HD 31527,271.6737
HD 21693,22.6786
HD 217107,7.12682
HD 33283,18.1991
HD 217107,4270.0
HD 3651,62.25
HD 217786,1301.36009
HD 37124,1862.0
HD 219828,3.83483
HD 22781,528.07
HD 224693,26.6904
K2-384,6.679582
K2-384,9.715043
Kepler-268,25.934138
Kepler-772,12.99207337
K2-268,26.27057
K2-385,2.380867
18 Del,982.85
14 And,186.76
7 CMa,735.1
TOI-444,17.9636
TOI-512,7.18886
Kepler-806,8.09219642
HD 42813,13.6308205
K2-368,9.660186
K2-343,2.787174
Kepler-260,8.187399
Kepler-771,8.73485836
Kepler-803,50.28638192
HD 154088,18.56
TOI-2109,0.67247414
TOI-1842,9.5739181
b Cen A,1790000.0
NGTS-20,54.18915
Kepler-421,704.1984
Kepler-50,9.37647
TOI-2337,2.99432
TOI-833,1.0418777
TOI-1411,1.4520527
TOI-2260,0.3524728
K2-384,2.231527
TOI-712,84.8396
Kepler-404,11.829851
Kepler-122,56.268
HD 39091,124.64
CoRoT-7,8.966
K2-389,8.584043
TOI-1696,2.500311
Kepler-1990,1.73513619
TOI-500,61.3
K2-395,4.803352
TOI-1181,2.103189
Kepler-51,85.312
Kepler-115,8.990889
TOI-1107,4.0782387
TOI-286,4.5117244
Kepler-69,13.722341
K2-402,17.27474
HD 28109,56.00819
HD 28109,22.89104
K2-404,13.115365
Kepler-804,14.37457351
Kepler-264,40.806231
Kepler-263,16.568087
HD 150010,562.0
TIC 257060897,3.660028
Kepler-821,1.92279873
TOI-1789,3.208664
TOI-1296,3.9443736
17 Sco,578.38
EPIC 220492298,0.762406
Kepler-820,127.8338098
GJ 367,0.3219225
Kepler-396,88.505
Kepler-794,11.13125132
BD+63 1405,1198.48
HD 152843,11.6264
HD 136925,4540.0
HIP 114933,1481.6
Kepler-504,9.549275422
HD 26161,10942.29013
HD 3765,1211.0
Kepler-835,11.41909375
HD 156668,811.3
TOI-1347,4.841962
GJ 720 A,19.466
TOI-969,1.8237305
TOI-1052,9.139703
HD 27969,654.5
NGTS-10,0.7668944
HD 158259,12.028
TOI-1450 A,2.0439274
TOI-1728,3.49151
TOI-700,16.051137
Kepler-132,6.414914
TOI-2406,3.0766891
TOI-1173,7.06466
BD-11 4672,74.2
TOI-1518,1.902603
K2-331,9.398977
Kepler-789,8.63847725
GJ 2056,69.971
K2-316,1.133
HD 86226,3.98442
K2-204,7.055908
K2-207,12.48749
K2-383,1.865962
WD 1856+534,1.4079405
TOI-421,16.067541
K2-324,3.262
HD 56414,29.04992
K2-208,4.19097
K2-210,0.57023
K2-219,6.66767
K2-223,0.50557
GJ 3473,15.509
TOI-837,8.3249113
EPIC 201757695,2.0478
NGTS-12,7.532806
TOI-1248,4.3601561
K2-225,15.8723
K2-227,13.621832
K2-223,4.562546
TOI-122,5.07803
LP 714-47,4.052037
TOI-481,10.33111
K2-229,0.584216
TOI-561,77.144
HD 108236,6.203449
HD 108236,14.175685
TOI-561,10.778838
EPIC 229004835,16.141132
Kepler-505,27.52197994
Kepler-745,9.93143556
K2-230,2.86041
TOI-628,3.4095675
TOI-640,5.003777
NGTS-13,4.119027
TOI-1295,3.1968838
Kepler-262,21.853722
NGTS-18,3.05125
TOI-257,18.38818
HD 5278,40.87
GJ 414 A,50.8
K2-102,9.915615
TAP 26,10.79
HD 164922,12.458
KELT-16,0.9689951
Kepler-949,20.99757968
Kepler-307,13.0729
TOI-1338 A,95.4001
WASP-176,3.899052
HD 106315,21.05704
K2-148,9.7579
K2-152,32.6479
KELT-21,3.6127647
gam Lib,414.88
gam Lib,966.49
K2-155,6.342
K2-241,26.8199
K2-245,11.89307
K2-246,5.76918
IC 4651 9122,734.0
K2-261,11.6334681
K2-264,19.660302
HD 55696,1827.0
WASP-159,3.840401
WASP-160 B,3.7684952
K2-268,2.151676
Qatar-10,1.645321
HD 211970,25.201
Qatar-9,1.540731
TOI-1467,5.97114713
TOI-150,5.857487
WASP-129,5.748145
HATS-29,4.6058749
HD 180617,105.911
NSVS 14256825,3225.0
V1298 Tau,24.1396
V1298 Tau,8.24958
V1298 Tau,12.4032
V1298 Tau,53.5
K2-38,4.01593
DE CVn,4098.1
WASP-166,5.44354
DS Tuc A,8.138268
NGC 2682 YBP 401,4.087
KIC 7917485,840.0
HD 133131 B,5769.0
HD 213885,1.008035
DMPP-1,6.584
HD 233832,2058.0
HD 224538,1202.05199
Kepler-761,10.12804789
Kepler-95,11.5231
HATS-31,3.37796
WASP-181,4.5195064
Wolf 1061,217.21
HD 33844,551.40002
psi1 Dra B,3117.0
Kepler-47,187.366
HIP 109384,499.48
HIP 65407,28.125
KELT-4 A,2.9895932
K2-26,14.5665
K2-29,3.2588321
HATS-17,16.254611
KELT-15,3.32944
HATS-66,3.1414391
K2-34,2.9956348
K2-290,9.21165
Kepler-779,7.09714223
HD 33142,810.2
HD 103949,120.878
HATS-23,2.1605156
HD 8326,158.991
GJ 3323,40.54
HIP 67537,2523.64713
KELT-12,5.031623
GJ 3323,5.3636
HD 156279,4818.25358
HD 45184,13.1354
HATS-70,1.8882378
HIP 54373,7.76
TOI-858 B,3.2797178
HD 27894,36.07
BD+03 2562,481.9
K2-113,5.817685
HATS-59,5.416081
HD 23472,17.667087
HD 21411,84.288
Kepler-445,8.15275
K2-117,5.444017
K2-118,50.92092
K2-128,5.675819
K2-129,8.239493
Gl 378,3.822
HATS-13,3.0440499
HD 164595,40.0
K2-21,9.325038
K2-131,0.3693038
HD 180053,213.72
WASP-47,0.78961
WASP-151,4.5334775
WASP-156,3.8361623
HD 34445,117.87
HD 12648,133.60001
HD 11755,433.70001
K2-136,25.575
HD 111591,1056.4
K2-139,28.380619
HD 34445,676.8
HAT-P-57,2.4653
HD 176986,16.8191
Kepler-269,5.326718
HD 147379,86.58
K2-138,2.35309
K2-285,10.45582
HD 221416,14.2767
HD 219134,22.717
HD 219134,2247.0
HD 95872,4375.0
TYC 3318-01333-1,562.0
Kepler-776,4.89718784
TOI-913,11.098644
TOI-2364,4.0197517
TOI-3757,3.438753
TOI-4791,4.28088
TOI-178,15.231915
TOI-1723,13.727012643
Kepler-138,23.0923
Kepler-79,81.0659
TOI-2803 A,1.96229325
Kepler-110,12.691112
Kepler-164,5.03503
KOI-351,8.719375
HD 11505,32669.22247
HATS-56,4.324799
HATS-57,2.350621
WASP-180 A,3.409264
TOI-2384,2.13570304
TOI-2818,4.039709
Kepler-240,4.144495
Kepler-42,1.865169
Kepler-230,91.773242
HD 14067,2744.0
WASP-184,5.1817
GJ 160.2,5.2354
GJ 180,17.133
TOI-125,19.98
GJ 422,20.129
TOI-1753,5.3846104
Kepler-130,27.50868
Kepler-885,18.11472949
TOI-3819,3.2443141
Kepler-302,30.184104
TOI-4551,9.95581
Kepler-168,4.425391
TOI-4860,1.5227591
Kepler-286,5.914323
HIP 97233,1062.26506
Kepler-1439,8.07392849
KIC 10001893,0.81161
7 CMa,996.0
TOI-1768,7.337703649
TOI-2084,6.0784247
TOI-2088,124.72997
Kepler-1753,16.00460052
TOI-3837,11.88865
WASP-178,3.3448285
NGTS-30,98.29838
Kepler-244,20.050401
TOI-5218,4.291452
Kepler-253,3.783986
WASP-82,2.70579
HD 5319,872.2
EPIC 201841433,4.1698
EPIC 201497682,2.13174
TOI-1775,10.2405549
TOI-4562,225.1064
TOI-5573,8.79758977
Kepler-265,17.028937
TOI-1782,4.987641028
TOI-2120,5.7998164
Kepler-32,0.74296
TOI-3912,3.4936264
TOI-4582,31.034
Kepler-254,12.412183
Kepler-1936,126.5569992
Kepler-117,18.7959228
CoRoT-29,2.85057
CoRoT-28,5.20851
Kepler-309,5.923653
Kepler-119,4.125103
Kepler-46,6.766589
Kepler-207,3.071571
TOI-2498,3.738252
KOI-1599,20.4415
TOI-3976 A,6.607662
Kepler-121,41.008011
Kepler-181,3.137873
Kepler-758,4.75793986
Kepler-218,124.5244647
Kepler-756,1.224866322
HATS-9,1.915291
HATS-10,3.312846
Kepler-450,7.51464
TOI-2525,23.2856
TOI-3984 A,4.353326
Kepler-15,4.942782
alf Tau,628.96
HIP 65891,1079.55726
Gl 49,13.8508
TOI-2196,1.1947268
TOI-2545,7.994037
HD 52265,119.27
TOI-1820,4.860674
TOI-2158,8.60077
TOI-2025,8.8720982
Kepler-85,17.91323
Kepler-598,86.4945
LHS 1678,4.9652229
Kepler-907,15.86621821
TOI-1472,6.36381
TOI-2570,2.9887615
TOI-3364,5.8768918
Kepler-273,8.014927
TOI-1260,16.608164
WASP-89,3.3564227
K2-4,10.003417
K2-7,28.6781
WASP-74,2.13775
Kepler-133,8.129976
K2-13,39.91488
K2-8,10.35239
TOI-1855,1.36414864
Kepler-1987,5.644914154
Kepler-306,7.240193
Kepler-87,191.2318
Kepler-152,88.255055
Kepler-218,3.619337
TOI-1680,4.8026345
TOI-1883,4.50638
TOI-1859,63.48347
TOI-2295,30.033302
TOI-4127,56.39879
Kepler-153,46.90232
Kepler-224,11.349393
Kepler-286,3.468095
Kepler-227,54.418694
TOI-5110,30.158577
Kepler-107,7.95839
HD 110537,24469.67342
Kepler-1763,1.480280042
Kepler-4,3.21346
Kepler-27,15.3348
Kepler-1670,20.4998
HD 74698,15.017
Kepler-1773,40.80970001
HD 4203,6700.0
Kepler-385,10.043686
Kepler-932,1.921437396
Kepler-20,3.6961049
Kepler-1050,15.3787546
WASP-99,5.75251
WASP-97,2.07276
HD 136118,1187.59765
Kepler-342,26.234138
Kepler-313,14.970418
Kepler-348,7.05677
Kepler-385,56.4159
Kepler-1012,5.50860439
CoRoT-16,5.35227
HD 166724,5144.0
HD 180314,394.73
HD 196067,3638.0
CoRoT-26,4.20474
HAT-P-45,3.128992
HD 97037,6449.08337
TOI-1136,39.545
Kepler-68,3455.0
GJ 806,0.9263237
TOI-2458,16.553
Kepler-1057,14.08827448
HD 27631,2198.14
HIP 5158,9017.76
HU Aqr,4368.0
HD 220689,2266.4
bet UMi,522.3
Kepler-24,4.244384
XO-2 S,18.157
mu Leo,357.8
GJ 680,17281.66514
HD 22946,47.42489
TOI-771,7.61
HATS-1,3.446459
NN Ser,2883.5
HD 155918,1.87567
TOI-1288,416.0
TOI-815,34.976145
HD 110067,20.519617
Kepler-1520,0.653553572
Kepler-322,4.337234
Kepler-139,7.305699922
HD 115404 A,15319.22517
TOI-6038 A,5.8267311
HD 110067,30.793091
Kepler-199,23.637604
HD 77338,5.7361
HAT-P-41,2.69405
HD 219415,2093.3
HD 16905,10256.0
HD 18143,28982.41764
TOI-2000,9.127055
TOI-4527,0.3994445
omi CrB,187.01
HD 102888,252.06
Kepler-1784,13.59049988
Kepler-1056,27.495606
Kepler-493,3.003876581
HD 40307,197.8
Kepler-350,11.189562
HAT-P-38,4.640382
HD 204313,7325.64666
HIP 948,24955.45756
Kepler-319,31.781925
Kepler-11,46.6888
Kepler-411,3.005156
TIC 241249530,165.7719
KOBE-1,29.671
Kepler-51,45.154
BD-06 1339,125.94
HD 184010,484.3
Kepler-52,16.3850021
TIC 434398831,6.210291
Kepler-1674,62.5611
GJ 163,8.63182
KELT-3,2.70339
TIC 279401253,76.8
NGTS-33,2.827972
Kepler-732,0.893041236
Kepler-333,12.551158
Kepler-1051,25.96200249
HD 25912,26308.65619
Kepler-919,11.04603384
Kepler-107,4.901452
Kepler-78,0.35500745
GJ 667 C,256.2
HD 29985,20608.14049
Kepler-1762,29.53910065
WASP-84,1.4468849
Kepler-109,21.22265
Kepler-1671,4.16787
TOI-4562,3990.0
Kepler-351,57.24809
Kepler-1016,1.954524342
HATS-3,3.547851
HATS-2,1.35413379
HD 457,20324.58153
WASP-149,1.332813
Barnard's star,4.1244
Kepler-986,56.4349938
Kepler-981,4.469757736
WASP-148,8.803809
WASP-65,2.3114243
HD 13908,19.382
HIP 91258,5.0505
Kepler-923,6.93366476
BD-210397,6240.0
IRAS 04125+2902,8.834978
Kepler-963,0.919783
Kepler-352,16.332995
Kepler-969,34.1731714
HD 154857,3452.0
Kepler-177,49.40926
HD 122562,84.96276
HD 62549,14306.88519
NGTS-23,4.0764326
Kepler-517,60.92832271
Kepler-212,16.257582
Kepler-381,5.629021
Kepler-313,32.273273
Kepler-341,5.195528
Kepler-1809,3.7572999
Kepler-189,10.399931
Kepler-213,4.822962
Kepler-1340,0.665026916
Kepler-142,4.761702
Kepler-352,10.05537
Kepler-351,37.054919
Kepler-1889,37.30369949
Kepler-365,10.664903
Kepler-1991,13.26079792
Kepler-387,6.791636
Kepler-1664,14.3868
Kepler-384,45.348269
Kepler-317,8.77501
Kepler-233,60.418955
Kepler-1151,65.6478424
Kepler-288,6.097326
Kepler-299,15.054786
Kepler-1187,18.87064068
Kepler-1841,25.88599968
Kepler-389,3.244107
Kepler-155,52.661793
Kepler-1875,34.45859909
Kepler-355,25.762294
Kepler-380,3.930821
Kepler-1195,8.49642241
Kepler-81,12.04
Kepler-250,17.648312
Kepler-393,14.613612
Kepler-321,4.915379
Kepler-186,7.267302
Kepler-1183,28.5057189
Kepler-1067,5.425839901
Kepler-381,13.391635
Kepler-137,18.735753
Kepler-161,4.921355
Kepler-445,4.871229
Kepler-33,21.77596
Kepler-733,20.83424726
Kepler-219,4.585512
Kepler-357,16.85837
Kepler-678,7.27503724
Kepler-1023,62.1387714
Kepler-368,26.84768
Kepler-417,15.943
Kepler-98,1.54168
Kepler-1844,3.924510002
Kepler-1883,103.427002
Kepler-252,6.668391
Kepler-298,77.473633
Kepler-325,38.715185
Kepler-142,41.809118
Kepler-103,15.9653287
Kepler-1864,3.881510019
Kepler-401,14.383035
Kepler-195,8.307872
Kepler-660,9.27358194
Kepler-260,76.050178
Kepler-417,12.331
Kepler-299,2.927128
Kepler-370,19.02293
Kepler-1813,2.818160057
Kepler-144,10.104665
Kepler-1691,3.8482
Kepler-1693,12.0999
Kepler-264,140.101261
Kepler-363,7.542427
Kepler-416,3.07644709
Kepler-769,15.9870174
Kepler-1220,7.42693741
Kepler-402,6.124821
Kepler-1877,2.377569914
Kepler-237,4.715106
Kepler-364,25.745718
Kepler-329,7.416397
Kepler-282,9.220524
Kepler-270,25.262887
Kepler-784,17.157236
Kepler-1047,56.1886887
Kepler-1136,2.361724329
Kepler-145,22.951
Kepler-1353,24.7543966
Kepler-306,17.326644
Kepler-295,33.884054
Kepler-286,29.221289
Kepler-372,20.053763
Kepler-1165,29.96870041
Kepler-1851,12.02289963
Kepler-266,107.723601
Kepler-331,32.134328
Kepler-124,30.950851
Kepler-1138,3.17060005
Kepler-82,51.54
Kepler-436,16.79713874
Kepler-137,8.436387
Kepler-1329,9.33646594
Kepler-529,1.980357663
Kepler-369,2.732756
Kepler-84,44.552169
Kepler-221,5.690586
Kepler-399,26.67569
Kepler-400,17.340824
Kepler-362,37.866281
Kepler-1226,17.2923453
Kepler-1852,7.970940113
Kepler-1867,9.887359619
Kepler-1333,109.6471842
Kepler-275,35.676062
Kepler-160,13.699429
Kepler-833,18.7546998
Kepler-402,8.921099
Kepler-540,172.7049784
Kepler-1836,5.254169941
Kepler-1684,47.7055
Kepler-1854,39.83110046
Kepler-1857,8.94340992
Kepler-182,9.825792
Kepler-172,14.627119
Kepler-226,8.109044
Kepler-345,7.415563
Kepler-374,1.897806
Kepler-310,13.930698
Kepler-338,44.431014
Kepler-1786,78.5460968
Kepler-490,3.268695154
Kepler-1793,8.779999733
Kepler-230,32.625555
Kepler-151,24.674612
Kepler-1236,31.0571618
Kepler-1998,3.03267135
Kepler-185,1.6329
Kepler-1689,8.483
Kepler-1879,10.61340046
Kepler-1050,21.1284569
Kepler-1887,19.94750023
Kepler-12,4.4379629
Kepler-169,8.348125
Kepler-441,207.2482
Kepler-1619,23.6225913
Kepler-1656,31.562
Kepler-172,35.118736
Kepler-1988,11.49500229
Kepler-1442,81.4162941
Kepler-1620,101.951829
Kepler-1894,5.05368985
TOI-1117,4.579
Luhman 16 A,9697.0
Kepler-215,68.16101
Kepler-1443,2.41811321
Kepler-1419,42.5215895
Kepler-156,15.906801
Kepler-62,12.4417
Kepler-62,267.291
Kepler-154,62.303276
Kepler-220,28.122397
Kepler-1543,6.96710269
Kepler-1986,19.5489666
Kepler-1898,4.765620232
Kepler-1902,3.822220087
Kepler-431,11.922
Kepler-371,67.968015
Kepler-372,30.092568
Kepler-974,4.194496514
Kepler-1427,0.968972376
Kepler-431,8.703
Kepler-1546,19.5974971
Kepler-379,20.09838
Kepler-1942,4.626049995
Kepler-1181,8.93484887
Kepler-1814,0.626281766
Kepler-1430,2.46050993
Kepler-1945,6.080039978
Kepler-1567,153.979578
Kepler-1577,6.30560247
Kepler-430,110.979
Kepler-468,38.478757067
Kepler-575,9.37891944
Kepler-556,11.72292176
Kepler-1584,13.3997099
Kepler-1859,3.59645081
Kepler-392,10.423118
Kepler-1953,6.245659828
Kepler-1951,20.65780067
Kepler-134,10.105785
Kepler-446,3.036179
Kepler-1955,14.26519966
Kepler-1702,18.5012
Kepler-524,1.88897906
Kepler-1602,11.17931605
Kepler-183,11.637071
Kepler-444,4.5458841
Kepler-1609,114.34219
Kepler-150,3.428054
Kepler-624,14.58649607
Kepler-158,16.709184
Kepler-1653,140.2524
Kepler-1468,19.59059906
Kepler-1514,217.83184
Kepler-212,31.805174
Kepler-120,6.312501
Kepler-715,10.00652995
Kepler-434,12.8747099
EPIC 206317286,17.515472
Kepler-1976,4.959319244
K2-72,5.577212
WASP-16,3.1186
Kepler-1916,31.25429916
Kepler-1516,7.25931979
Kepler-202,4.069427
Kepler-1047,3.18897601
Kepler-395,7.054346
Kepler-1638,259.33683
Kepler-718,2.052349905
K2-72,7.760178
K2-79,10.9947
Kepler-1471,11.6044881
KIC 5437945,440.7813
Kepler-170,7.930592
Kepler-1928,19.57783
Kepler-1929,59.36249924
Kepler-1639,9.878482
Kepler-187,10.640263
Kepler-175,11.903515
K2-81,6.102325
K2-174,19.562307
K2-84,27.86
K2-80,19.0918
OGLE-2006-BLG-109L,1788.5
HD 69830,31.56
HD 70573,851.8
HD 68988,6.27711
Kepler-1930,13.02680016
Kepler-1533,308.5471
Kepler-172,2.940309
Kepler-1530,9.20761013
Kepler-189,20.134866
K2-111,5.3518
K2-90,2.900706
K2-371,3.114905
K2-419 A,20.35847252
HD 70642,2124.54
HD 72659,3549.39854
HD 75289,3.50927
WASP-37,3.577469
WASP-41,3.0524
Kepler-209,16.087845
Kepler-361,8.486616
Kepler-1321,11.12830484
Kepler-1642,6.6513802
Kepler-401,184.256405
Kepler-1641,32.657212
Kepler-1642,12.2057513
K2-336,21.194733
K2-271,8.562421
HD 76700,3.97097
HD 7924,5.39792
HD 75898,422.82
WASP-45,3.126089
WASP-7,4.9546416
Kepler-1512,20.35972599
Kepler-324,34.169
Kepler-1542,5.99273738
Kepler-109,6.4816307
Kepler-648,17.4211749
K2-119,7.727283
K2-338,3.850614
EPIC 211945201,19.49221
OGLE-2007-BLG-349L A,2557.0
HD 80606,111.4367
Kepler-320,17.934937
Kepler-173,8.005777
Kepler-215,30.864423
Kepler-730,6.491682808
Kepler-1972,11.3295
K2-124,6.413651
K2-351,7.806164
Kepler-672,38.3774623
HD 86264,1488.79123
HD 87883,3309.22118
HD 88133,3.414884
HD 82943,220.078
Kepler-256,3.38802
Kepler-39,21.08721
Kepler-586,2.104722184
Kepler-675,2.33743801
Kepler-1798,16.85589981
K2-378,2.060438
KOI-351,7.008151
Kepler-239,11.763051
Kepler-968,5.709404918
Kepler-217,5.374943
Kepler-741,7.03902374
Kepler-216,17.406669
Kepler-233,8.472382
Kepler-234,7.21205
HD 98219,433.8
Ross 176,5.0066338
TOI-5795,6.1406325
HD 89307,2166.0
Kepler-1405,28.2274184
Kepler-565,4.243747226
Kepler-7,4.8854892
Kepler-159,43.595792
KOI-7913 A,24.278553
HIP 57274,431.7
HIP 79431,111.7
HR 8799,37000.0
HIP 57274,8.1352
BD-13 2130,714.29999
Kepler-1489,82.294751
Kepler-1801,116.583183
Kepler-225,18.794234
Kepler-203,5.370647
OGLE2-TR-L9,2.4855335
Kepler-1492,16.75255007
Kepler-241,12.718092
Kepler-1538,175.138819
Kepler-658,1.287076762
Kepler-588,4.221625357
Kepler-184,20.303005
OGLE-TR-113,1.4324752
OGLE-TR-10,3.101278
Kepler-1921,3.15722086
Kepler-143,16.007583
Kepler-196,20.739886
Kepler-226,5.349555
Kepler-227,9.488015
Kepler-622,14.28226676
OGLE-TR-211,3.67724
Kepler-743,3.179262921
Kepler-240,7.953528
K2-35,5.608352
K2-42,6.68796
K2-36,5.340888
K2-27,6.771315
Kepler-215,9.360672
Kepler-274,33.197861
Kepler-1658,3.849372784
KIC 5437945,220.1303357
K2-24,20.88977
Kepler-591,81.1694299
K2-37,6.42904
Kepler-553,4.030467
PSR B1257+12,66.5419
ups And,241.258
Kepler-1500,15.0330105
Kepler-710,4.347285527
Kepler-246,4.60182
Kepler-643,16.33889626
K2-58,22.8827
K2-68,8.05428
K2-168,15.8523
WASP-10,3.0927616
WASP-13,4.35301
HD 39091,2088.8
HD 40979,264.14999
Kepler-272,6.057342
HD 43691,36.9987
HD 45652,44.073
HD 47186,1353.6
HD 48265,778.51
HD 45350,963.6
Kepler-617,1.682696148
HD 60532,201.9
HD 60532,600.1
HD 63765,358.0
Kepler-1739,7.343709946
HD 92788,325.803
HD 96063,362.5
HD 96127,647.29999
TOI-5181 A,3.8922295
WASP-94 A,3.95019
TOI-1453,6.5886982
TOI-3474,3.8795105
TOI-1739,8.303341406
TOI-1846,3.9306737
TOI-2000,3.09833
TOI-2382,4.6612061
TOI-2876,6.2996431
TOI-3593,3.8212867
TOI-3135,3.7065585
TOI-3682,3.3462406
HIP 56998,6.20401
TOI-6894,3.37077196
TOI-125,9.15059
TOI-1836,1.7727471
TOI-4734,6.235633
TOI-2368,5.1750073
WASP-94 B,2.00839
TOI-654,1.527561
BEBOP-3,547.0
TOI-5800,2.6278838
