System,Current_Periods,Gap_Start,Gap_End,Suggested_Periods,Confidence_Level,Quality_Score
"Kepler-334",5.4703;12.7580;25.0985,5.4703,12.7580,8.2055;12.3082,HIGH,5.72
"Kepler-334",5.4703;12.7580;25.0985,12.7580,25.0985,25.5160,HIGH,3.62
"Kepler-251",4.7909;16.5140;30.1330;99.6402,4.7909,16.5140,7.1864;10.7796;16.1694,HIGH,5.28
"Kepler-251",4.7909;16.5140;30.1330;99.6402,16.5140,30.1330,22.0187;29.3583,MEDIUM,6.91
"Kepler-251",4.7909;16.5140;30.1330;99.6402,30.1330,99.6402,45.1995;67.7993,HIGH,6.17
"Kepler-119",2.4221;4.1251,2.4221,4.1251,4.0368,HIGH,6.89
"Kepler-1073",2.5048;4.0258;8.6789,2.5048,4.0258,4.1746,HIGH,7.58
"Kepler-1073",2.5048;4.0258;8.6789,4.0258,8.6789,5.3678;7.1570,LOW,9.78
"Kepler-405",10.6138;29.7267,10.6138,29.7267,17.6897;29.4829,MEDIUM,7.08
"KIC 10001893",0.2197;0.3253;0.8116,0.2197,0.3253,0.3296,HIGH,4.65
"KIC 10001893",0.2197;0.3253;0.8116,0.3253,0.8116,0.4337;0.5783;0.7710,MEDIUM,7.77
"HD 23472",3.9766;7.9075;12.1622;17.6671;29.7975,3.9766,7.9075,7.9533,HIGH,3.09
"HD 23472",3.9766;7.9075;12.1622;17.6671;29.7975,7.9075,12.1622,11.8613,HIGH,5.27
"HD 23472",3.9766;7.9075;12.1622;17.6671;29.7975,12.1622,17.6671,18.2433,HIGH,5.58
"HD 23472",3.9766;7.9075;12.1622;17.6671;29.7975,17.6671,29.7975,29.4451,HIGH,6.40
"HD 215497",3.9340;566.0000,3.9340,566.0000,7.8681;15.7362;31.4723;62.9446;125.8893;251.7786;503.5571,HIGH,6.46
"HD 22946",4.0403;9.5731;47.4249,4.0403,9.5731,6.0604;9.0907,HIGH,6.27
"HD 22946",4.0403;9.5731;47.4249,9.5731,47.4249,14.3596;21.5394;32.3092,HIGH,6.04
"Kepler-133",8.1300;31.5176,8.1300,31.5176,16.2600,HIGH,4.84
"Kepler-92",13.7490;26.7230;49.3568,13.7490,26.7230,27.4980,HIGH,4.21
"Kepler-92",13.7490;26.7230;49.3568,26.7230,49.3568,35.6307;47.5076,MEDIUM,7.33
"Kepler-179",2.7359;6.4001,2.7359,6.4001,4.1039;6.1558,HIGH,5.82
"Kepler-166",1.5540;7.6503;34.2603,1.5540,7.6503,3.1080;6.2160,HIGH,6.41
"Kepler-166",1.5540;7.6503;34.2603,7.6503,34.2603,11.4754;17.2131;25.8196,MEDIUM,6.32
"Kepler-595",12.3860;25.3029,12.3860,25.3029,24.7720,HIGH,3.87
"Kepler-28",5.9100;8.9900,5.9100,8.9900,8.8650,HIGH,4.71
"Kepler-210",2.4532;7.9725,2.4532,7.9725,3.2710;4.3613;5.8151;7.7534,MEDIUM,7.27
"Kepler-414",4.7000;7.1710,4.7000,7.1710,7.0500,HIGH,4.86
"Kepler-238",2.0909;6.1556;13.2335;23.6540;50.4470,2.0909,6.1556,4.1818,HIGH,5.43
"Kepler-238",2.0909;6.1556;13.2335;23.6540;50.4470,6.1556,13.2335,8.2074;10.9432,LOW,9.69
"Kepler-238",2.0909;6.1556;13.2335;23.6540;50.4470,13.2335,23.6540,17.6447;23.5263,MEDIUM,6.21
"Kepler-238",2.0909;6.1556;13.2335;23.6540;50.4470,23.6540,50.4470,31.5387;42.0516,LOW,9.44
"Kepler-520",5.2110;19.6742,5.2110,19.6742,6.9481;9.2641;12.3521;16.4695,MEDIUM,8.99
"nu Oph",529.9300;3180.6000,529.9300,3180.6000,1059.8600;2119.7200,HIGH,4.18
"Kepler-1669",1.6093;4.7294;9.5122,1.6093,4.7294,3.2186,HIGH,5.52
"Kepler-1669",1.6093;4.7294;9.5122,4.7294,9.5122,9.4588,HIGH,3.08
"Kepler-339",4.9777;6.9881;10.5583,4.9777,6.9881,6.6369,MEDIUM,7.85
"Kepler-339",4.9777;6.9881;10.5583,6.9881,10.5583,10.4821,HIGH,4.36
"Kepler-351",37.0549;57.2481;142.5442,37.0549,57.2481,55.5824,HIGH,5.50
"Kepler-351",37.0549;57.2481;142.5442,57.2481,142.5442,76.3308;101.7744;135.6992,MEDIUM,7.71
"WASP-47",0.7896;4.1592;9.0305;589.5700,0.7896,4.1592,1.5792;3.1584,HIGH,5.45
"WASP-47",0.7896;4.1592;9.0305;589.5700,4.1592,9.0305,5.5455;7.3940,LOW,10.03
"WASP-47",0.7896;4.1592;9.0305;589.5700,9.0305,589.5700,18.0610;36.1220;72.2440;144.4880;288.9760;577.9521,HIGH,3.44
"Kepler-51",45.1540;85.3120;130.1940;264.2840,45.1540,85.3120,90.3080,MEDIUM,5.57
"Kepler-51",45.1540;85.3120;130.1940;264.2840,85.3120,130.1940,127.9680,HIGH,4.87
"Kepler-51",45.1540;85.3120;130.1940;264.2840,130.1940,264.2840,260.3880,HIGH,3.55
"HD 207832",160.0700;1155.7000,160.0700,1155.7000,320.1400;640.2800,MEDIUM,8.16
"Kepler-18",3.5047;7.6416;14.8589,3.5047,7.6416,4.6730;6.2306,MEDIUM,9.19
"Kepler-18",3.5047;7.6416;14.8589,7.6416,14.8589,15.2832,HIGH,4.19
"GJ 3998",2.6503;13.7270;41.7800,2.6503,13.7270,3.9755;5.9632;8.9449;13.4173,HIGH,5.36
"GJ 3998",2.6503;13.7270;41.7800,13.7270,41.7800,27.4540,HIGH,5.23
"Kepler-46",6.7666;33.6013;57.0110,6.7666,33.6013,10.1499;15.2248;22.8372,HIGH,5.98
"Kepler-46",6.7666;33.6013;57.0110,33.6013,57.0110,56.0022,HIGH,6.70
"HAT-P-13",2.9162;446.2700,2.9162,446.2700,5.8325;11.6650;23.3300;46.6600;93.3200;186.6400;373.2800,HIGH,5.15
"Kepler-33",5.6679;13.1756;21.7760;31.7844;41.0290,5.6679,13.1756,8.5019;12.7528,HIGH,5.61
"Kepler-33",5.6679;13.1756;21.7760;31.7844;41.0290,13.1756,21.7760,21.9594,HIGH,6.22
"Kepler-33",5.6679;13.1756;21.7760;31.7844;41.0290,21.7760,31.7844,32.6639,HIGH,5.35
"Kepler-33",5.6679;13.1756;21.7760;31.7844;41.0290,31.7844,41.0290,42.3792,HIGH,6.79
"Kepler-32",0.7430;2.8960;5.9012;8.7522;22.7802,0.7430,2.8960,1.4859,HIGH,4.58
"Kepler-32",0.7430;2.8960;5.9012;8.7522;22.7802,2.8960,5.9012,5.7920,HIGH,3.74
"Kepler-32",0.7430;2.8960;5.9012;8.7522;22.7802,5.9012,8.7522,8.8519,HIGH,4.56
"Kepler-32",0.7430;2.8960;5.9012;8.7522;22.7802,8.7522,22.7802,13.1283;19.6925,MEDIUM,9.25
"Kepler-327",2.5496;5.2123;13.9695,2.5496,5.2123,5.0991,HIGH,3.91
"Kepler-327",2.5496;5.2123;13.9695,5.2123,13.9695,10.4247,HIGH,5.95
"Kepler-353",5.7953;8.4109,5.7953,8.4109,8.6929,HIGH,5.62
"HIP 41378",15.5721;31.7065;131.0000;1084.0000;1114.0000,15.5721,31.7065,31.1442,HIGH,3.70
"HIP 41378",15.5721;31.7065;131.0000;1084.0000;1114.0000,31.7065,131.0000,63.4130;126.8259,HIGH,4.06
"HIP 41378",15.5721;31.7065;131.0000;1084.0000;1114.0000,131.0000,1084.0000,262.0000;524.0000;1048.0000,HIGH,3.91
"HIP 41378",15.5721;31.7065;131.0000;1084.0000;1114.0000,1084.0000,1114.0000,2168.0000,HIGH,4.68
"TRAPPIST-1",1.5108;2.4219;4.0492;6.1010;9.2075;12.3524;18.7729,1.5108,2.4219,2.5180,HIGH,7.71
"TRAPPIST-1",1.5108;2.4219;4.0492;6.1010;9.2075;12.3524;18.7729,2.4219,4.0492,4.0366,HIGH,5.96
"TRAPPIST-1",1.5108;2.4219;4.0492;6.1010;9.2075;12.3524;18.7729,4.0492,6.1010,6.0738,HIGH,4.22
"TRAPPIST-1",1.5108;2.4219;4.0492;6.1010;9.2075;12.3524;18.7729,6.1010,9.2075,9.1515,HIGH,4.31
"TRAPPIST-1",1.5108;2.4219;4.0492;6.1010;9.2075;12.3524;18.7729,9.2075,12.3524,18.4151,HIGH,4.81
"TRAPPIST-1",1.5108;2.4219;4.0492;6.1010;9.2075;12.3524;18.7729,12.3524,18.7729,18.5287,HIGH,4.66
"Kepler-213",2.4624;4.8230,2.4624,4.8230,4.9247,HIGH,3.83
"Kepler-52",7.8774;16.3850;36.4452,7.8774,16.3850,15.7547,MEDIUM,4.80
"Kepler-52",7.8774;16.3850;36.4452,16.3850,36.4452,24.5775,HIGH,6.07
"Kepler-55",2.2111;4.6175;10.1985;27.9481;42.1516,2.2111,4.6175,4.4222,MEDIUM,5.01
"Kepler-55",2.2111;4.6175;10.1985;27.9481;42.1516,4.6175,10.1985,6.9263,HIGH,6.42
"Kepler-55",2.2111;4.6175;10.1985;27.9481;42.1516,10.1985,27.9481,15.2978;22.9467,MEDIUM,8.60
"Kepler-55",2.2111;4.6175;10.1985;27.9481;42.1516,27.9481,42.1516,41.9222,HIGH,4.27
"HD 37605",55.0129;2720.0000,55.0129,2720.0000,110.0258;220.0517;440.1034;880.2067;1760.4134,MEDIUM,7.58
"HIP 14810",6.6739;147.7470;981.8000,6.6739,147.7470,13.3478;26.6956;53.3911;106.7823,MEDIUM,8.23
"HIP 14810",6.6739;147.7470;981.8000,147.7470,981.8000,295.4940;590.9880,HIGH,5.57
"47 UMa",1078.0000;2391.0000;14002.0000,1078.0000,2391.0000,1617.0000,HIGH,6.21
"47 UMa",1078.0000;2391.0000;14002.0000,2391.0000,14002.0000,3188.0000;4250.6667;5667.5556;7556.7407;10075.6543;13434.2058,MEDIUM,7.59
"BD-08 2823",5.6000;237.6000,5.6000,237.6000,11.2000;22.4000;44.8000;89.6000;179.2000,HIGH,4.46
"HD 40307",4.3123;9.6184;20.4320;51.7600;197.8000,4.3123,9.6184,6.4684,HIGH,5.93
"HD 40307",4.3123;9.6184;20.4320;51.7600;197.8000,9.6184,20.4320,19.2368,MEDIUM,5.91
"HD 40307",4.3123;9.6184;20.4320;51.7600;197.8000,20.4320,51.7600,40.8640,MEDIUM,7.57
"HD 40307",4.3123;9.6184;20.4320;51.7600;197.8000,51.7600,197.8000,69.0133;92.0178;122.6904;163.5872,MEDIUM,9.05
"HD 1605",577.2000;2149.0000,577.2000,2149.0000,962.0000;1603.3333,MEDIUM,8.64
"Kepler-283",11.0082;92.7437,11.0082,92.7437,22.0163;44.0326;88.0652,HIGH,4.38
"HD 33142",89.9000;330.0000;810.2000,89.9000,330.0000,149.8333;249.7222,MEDIUM,8.76
"HD 33142",89.9000;330.0000;810.2000,330.0000,810.2000,440.0000;586.6667;782.2222,MEDIUM,7.34
"HD 109271",7.8543;30.9300,7.8543,30.9300,15.7086,HIGH,4.08
"HD 148164",328.5500;5062.0000,328.5500,5062.0000,492.8250;739.2375;1108.8563;1663.2844;2494.9266;3742.3898,MEDIUM,6.19
"Kepler-356",4.6127;13.1216,4.6127,13.1216,7.6878;12.8130,MEDIUM,7.60
"Kepler-968",3.6930;5.7094;7.6850,3.6930,5.7094,5.5395,HIGH,5.53
"Kepler-968",3.6930;5.7094;7.6850,5.7094,7.6850,11.4188,HIGH,4.98
"NY Vir",3160.0000;8799.0000,3160.0000,8799.0000,5266.6667;8777.7778,MEDIUM,6.88
"HIP 5158",345.7200;9017.7600,345.7200,9017.7600,518.5800;777.8700;1166.8050;1750.2075;2625.3113;3937.9669;5906.9503;8860.4255,HIGH,5.36
"HD 134987",258.1800;5000.0000,258.1800,5000.0000,516.3600;1032.7200;2065.4399;4130.8798,HIGH,5.87
"Kepler-297",38.8718;74.9201;150.0190,38.8718,74.9201,77.7437,HIGH,4.62
"Kepler-297",38.8718;74.9201;150.0190,74.9201,150.0190,149.8403,HIGH,2.86
"Kepler-160",4.3094;13.6994;30.0000,4.3094,13.6994,5.7459;7.6612;10.2149;13.6198,MEDIUM,6.82
"Kepler-160",4.3094;13.6994;30.0000,13.6994,30.0000,22.8324,MEDIUM,9.03
"HD 191939",8.8803;28.5797;38.3530;101.1200;284.0000;2898.0000,8.8803,28.5797,11.8404;15.7872;21.0497;28.0662,MEDIUM,7.07
"HD 191939",8.8803;28.5797;38.3530;101.1200;284.0000;2898.0000,28.5797,38.3530,57.1595,HIGH,4.82
"HD 191939",8.8803;28.5797;38.3530;101.1200;284.0000;2898.0000,38.3530,101.1200,76.7061,HIGH,6.26
"HD 191939",8.8803;28.5797;38.3530;101.1200;284.0000;2898.0000,101.1200,284.0000,168.5333;280.8889,MEDIUM,7.17
"HD 191939",8.8803;28.5797;38.3530;101.1200;284.0000;2898.0000,284.0000,2898.0000,426.0000;639.0000;958.5000;1437.7500;2156.6250,MEDIUM,6.16
"PSR B1257+12",25.2620;66.5419;98.2114,25.2620,66.5419,50.5240,HIGH,6.31
"PSR B1257+12",25.2620;66.5419;98.2114,66.5419,98.2114,99.8128,HIGH,4.80
"Kepler-158",0.6451;16.7092;28.5514,0.6451,16.7092,0.9676;1.4514;2.1772;3.2658;4.8986;7.3480;11.0219;16.5329,HIGH,5.29
"Kepler-158",0.6451;16.7092;28.5514,16.7092,28.5514,27.8486,HIGH,7.06
"K2-368",5.0256;9.6602;20.2011,5.0256,9.6602,10.0512,HIGH,4.75
"K2-368",5.0256;9.6602;20.2011,9.6602,20.2011,19.3204,MEDIUM,5.08
"Kepler-267",3.3537;6.8774;28.4645,3.3537,6.8774,6.7075,HIGH,4.07
"Kepler-267",3.3537;6.8774;28.4645,6.8774,28.4645,13.7549;27.5098,HIGH,4.12
"Kepler-303",1.9371;7.0611,1.9371,7.0611,3.2284;5.3807,MEDIUM,8.99
"Kepler-125",4.1644;5.7745,4.1644,5.7745,5.5525,HIGH,7.20
"HD 69830",8.6670;31.5600;197.0000,8.6670,31.5600,14.4450;24.0750,MEDIUM,9.03
"HD 69830",8.6670;31.5600;197.0000,31.5600,197.0000,47.3400;71.0100;106.5150;159.7725,MEDIUM,6.97
"GJ 887",9.2620;21.7890,9.2620,21.7890,13.8930;20.8395,HIGH,6.02
"UZ For",1916.2500;5840.0000,1916.2500,5840.0000,3832.5000,HIGH,5.29
"WASP-126",3.2888;7.6300,3.2888,7.6300,4.9332;7.3999,HIGH,5.54
"Kepler-48",4.7780;9.6739;42.8961;982.0000;5219.6819,4.7780,9.6739,9.5560,HIGH,3.42
"Kepler-48",4.7780;9.6739;42.8961;982.0000;5219.6819,9.6739,42.8961,14.5109;21.7664;32.6496,MEDIUM,6.57
"Kepler-48",4.7780;9.6739;42.8961;982.0000;5219.6819,42.8961,982.0000,64.3441;96.5162;144.7743;217.1615;325.7423;488.6134;732.9201,MEDIUM,6.01
"Kepler-48",4.7780;9.6739;42.8961;982.0000;5219.6819,982.0000,5219.6819,1964.0000;3928.0000,HIGH,5.15
"Kepler-407",0.6693;3000.0000,0.6693,3000.0000,1.3386;2.6772;5.3545;10.7090;21.4180;42.8360;85.6720;171.3440;342.6879;685.3759;1370.7518;2741.5036,HIGH,5.99
"Kepler-235",3.3402;7.8249;20.0605;46.1837,3.3402,7.8249,5.0103;7.5155,HIGH,5.87
"Kepler-235",3.3402;7.8249;20.0605;46.1837,7.8249,20.0605,9.7811;12.2264;15.2830;19.1038,MEDIUM,9.50
"Kepler-235",3.3402;7.8249;20.0605;46.1837,20.0605,46.1837,30.0908;45.1362,HIGH,5.27
"HD 93963 A",1.0376;3.6451,1.0376,3.6451,1.5564;2.3346;3.5019,HIGH,5.77
"Kepler-281",14.6460;36.3374;148.2720,14.6460,36.3374,19.5280;26.0373;34.7165,MEDIUM,7.62
"Kepler-281",14.6460;36.3374;148.2720,36.3374,148.2720,72.6747;145.3495,HIGH,3.64
"Kepler-279",12.3097;35.7360;54.4140;98.3531,12.3097,35.7360,20.5161;34.1936,MEDIUM,8.30
"Kepler-279",12.3097;35.7360;54.4140;98.3531,35.7360,54.4140,53.6040,HIGH,4.76
"Kepler-279",12.3097;35.7360;54.4140;98.3531,54.4140,98.3531,72.5520;96.7360,MEDIUM,6.59
"GJ 1132",1.6289;8.9290,1.6289,8.9290,2.4434;3.6651;5.4976;8.2465,MEDIUM,9.85
"Kepler-128",15.0000;22.8000,15.0000,22.8000,22.5000,HIGH,4.67
"L 98-59",2.2531;3.6907;7.4507;12.8278;23.0640,2.2531,3.6907,3.7552,HIGH,6.66
"L 98-59",2.2531;3.6907;7.4507;12.8278;23.0640,3.6907,7.4507,7.3814,HIGH,3.27
"L 98-59",2.2531;3.6907;7.4507;12.8278;23.0640,7.4507,12.8278,12.4179,HIGH,7.45
"L 98-59",2.2531;3.6907;7.4507;12.8278;23.0640,12.8278,23.0640,17.1037;22.8050,MEDIUM,6.41
"Kepler-219",4.5855;22.7146;47.9036,4.5855,22.7146,6.8783;10.3174;15.4761,HIGH,6.04
"Kepler-219",4.5855;22.7146;47.9036,22.7146,47.9036,45.4292,MEDIUM,5.52
"Kepler-80",0.9868;3.0722;4.6449;7.0525;9.5236;14.6456,0.9868,3.0722,1.3157;1.7543;2.3391,MEDIUM,8.07
"Kepler-80",0.9868;3.0722;4.6449;7.0525;9.5236;14.6456,3.0722,4.6449,4.6083,HIGH,4.40
"Kepler-80",0.9868;3.0722;4.6449;7.0525;9.5236;14.6456,4.6449,7.0525,6.9673,HIGH,4.61
"Kepler-80",0.9868;3.0722;4.6449;7.0525;9.5236;14.6456,7.0525,9.5236,14.1049,HIGH,5.14
"Kepler-80",0.9868;3.0722;4.6449;7.0525;9.5236;14.6456,9.5236,14.6456,14.2853,HIGH,5.26
"Kepler-82",2.3830;5.9022;26.4400;51.5400;75.7320,2.3830,5.9022,3.1773;4.2364;5.6485,MEDIUM,7.57
"Kepler-82",2.3830;5.9022;26.4400;51.5400;75.7320,5.9022,26.4400,8.8533;13.2800;19.9199,MEDIUM,6.31
"Kepler-82",2.3830;5.9022;26.4400;51.5400;75.7320,26.4400,51.5400,52.8800,HIGH,4.07
"Kepler-82",2.3830;5.9022;26.4400;51.5400;75.7320,51.5400,75.7320,77.3100,HIGH,5.02
"Kepler-1921",3.1572;20.0348,3.1572,20.0348,4.7358;7.1037;10.6556;15.9834,MEDIUM,6.76
"TOI-1736",7.0731;571.2500,7.0731,571.2500,14.1462;28.2923;56.5846;113.1692;226.3384;452.6769,HIGH,4.89
"Kepler-100",6.8873;12.8159;35.3331;60.8886,6.8873,12.8159,9.1831;12.2442,MEDIUM,7.59
"Kepler-100",6.8873;12.8159;35.3331;60.8886,12.8159,35.3331,19.2238;28.8358,MEDIUM,7.89
"Kepler-100",6.8873;12.8159;35.3331;60.8886,35.3331,60.8886,58.8885,HIGH,7.50
"Kepler-350",11.1896;17.8490;26.1360,11.1896,17.8490,18.6493,MEDIUM,7.95
"Kepler-350",11.1896;17.8490;26.1360,17.8490,26.1360,26.7735,HIGH,5.19
"Kepler-42",0.4533;1.2138;1.8652,0.4533,1.2138,0.9066,HIGH,5.91
"Kepler-42",0.4533;1.2138;1.8652,1.2138,1.8652,1.8207,HIGH,5.22
"TOI-1798",0.4378;8.0215,0.4378,8.0215,0.8756;1.7512;3.5025;7.0050,MEDIUM,6.94
"Kepler-293",19.2542;54.1557,19.2542,54.1557,32.0903;53.4839,MEDIUM,7.22
"Kepler-319",4.3627;6.9414;31.7819,4.3627,6.9414,6.5441,MEDIUM,7.04
"Kepler-319",4.3627;6.9414;31.7819,6.9414,31.7819,13.8827;27.7654,MEDIUM,8.55
"Kepler-26",3.5439;12.2800;17.2559;46.8279,3.5439,12.2800,5.3159;7.9738;11.9607,HIGH,5.42
"Kepler-26",3.5439;12.2800;17.2559;46.8279,12.2800,17.2559,16.3733,MEDIUM,7.90
"Kepler-26",3.5439;12.2800;17.2559;46.8279,17.2559,46.8279,25.8839;38.8258,MEDIUM,8.27
"HD 9446",30.0520;192.9000,30.0520,192.9000,60.1040;120.2080,MEDIUM,7.73
"Kepler-331",8.4575;17.2811;32.1343,8.4575,17.2811,16.9150,HIGH,3.88
"Kepler-331",8.4575;17.2811;32.1343,17.2811,32.1343,23.0415;30.7220,MEDIUM,7.57
"HD 11506",223.9200;1617.7000;26500.0000,223.9200,1617.7000,447.8400;895.6800,MEDIUM,8.18
"HD 11506",223.9200;1617.7000;26500.0000,1617.7000,26500.0000,3235.4000;6470.8000;12941.6000;25883.2000,HIGH,3.58
"Kepler-176",5.4331;12.7597;25.7520;51.1658,5.4331,12.7597,8.1496;12.2244,HIGH,5.96
"Kepler-176",5.4331;12.7597;25.7520;51.1658,12.7597,25.7520,25.5194,HIGH,3.26
"Kepler-176",5.4331;12.7597;25.7520;51.1658,25.7520,51.1658,51.5039,HIGH,3.13
"Kepler-53",9.7520;18.6490;38.5583,9.7520,18.6490,19.5039,MEDIUM,4.99
"Kepler-53",9.7520;18.6490;38.5583,18.6490,38.5583,37.2979,HIGH,4.49
"Kepler-49",2.5765;7.2000;10.9100;18.5961,2.5765,7.2000,4.2942;7.1571,MEDIUM,7.00
"Kepler-49",2.5765;7.2000;10.9100;18.5961,7.2000,10.9100,10.8000,HIGH,4.51
"Kepler-49",2.5765;7.2000;10.9100;18.5961,10.9100,18.5961,18.1833,HIGH,6.94
"Kepler-903",10.3508;62.9229,10.3508,62.9229,20.7015;41.4031,HIGH,4.61
"Kepler-276",14.1284;31.8840;48.6480,14.1284,31.8840,21.1926;31.7889,HIGH,4.60
"Kepler-276",14.1284;31.8840;48.6480,31.8840,48.6480,47.8260,HIGH,4.86
"HD 107148",18.3267;48.0560,18.3267,48.0560,36.6534,HIGH,6.53
"GJ 876",1.9378;30.0881;61.1166;124.2600,1.9378,30.0881,3.8756;7.7511;15.5022,HIGH,4.04
"GJ 876",1.9378;30.0881;61.1166;124.2600,30.0881,61.1166,60.1762,HIGH,3.58
"GJ 876",1.9378;30.0881;61.1166;124.2600,61.1166,124.2600,122.2332,HIGH,3.63
"Kepler-287",20.3422;44.8519,20.3422,44.8519,30.5133,HIGH,6.50
"Kepler-177",36.8601;49.4093,36.8601,49.4093,73.7202,HIGH,4.77
"HD 109833",9.1885;13.9001,9.1885,13.9001,13.7828,HIGH,4.43
"Kepler-31",20.8613;42.6318;87.6451,20.8613,42.6318,41.7226,HIGH,3.89
"Kepler-31",20.8613;42.6318;87.6451,42.6318,87.6451,85.2636,HIGH,4.20
"Kepler-603",6.2171;21.0536;127.9076,6.2171,21.0536,9.3257;13.9885;20.9828,HIGH,4.83
"Kepler-603",6.2171;21.0536;127.9076,21.0536,127.9076,42.1072;84.2143,HIGH,4.59
"Kepler-50",7.8125;9.3765,7.8125,9.3765,15.6251,MEDIUM,6.31
"24 Sex",452.8000;883.0000,452.8000,883.0000,905.6000,HIGH,4.05
"KOI-55",0.2401;0.3429,0.2401,0.3429,0.3602,MEDIUM,6.40
"HD 177830",110.9000;410.1000,110.9000,410.1000,184.8333;308.0556,MEDIUM,8.52
"ups And",4.6170;241.2580;1276.4600,4.6170,241.2580,9.2341;18.4681;36.9363;73.8725;147.7451,MEDIUM,8.18
"ups And",4.6170;241.2580;1276.4600,241.2580,1276.4600,482.5160;965.0320,HIGH,5.30
"Kepler-139",7.3057;15.7710;157.0729;355.0000;2047.6354,7.3057,15.7710,9.7409;12.9879,LOW,9.83
"Kepler-139",7.3057;15.7710;157.0729;355.0000;2047.6354,15.7710,157.0729,31.5421;63.0842;126.1684,HIGH,5.50
"Kepler-139",7.3057;15.7710;157.0729;355.0000;2047.6354,157.0729,355.0000,235.6093;353.4140,HIGH,4.65
"Kepler-139",7.3057;15.7710;157.0729;355.0000;2047.6354,355.0000,2047.6354,473.3333;631.1111;841.4815;1121.9753;1495.9671;1994.6228,MEDIUM,7.37
"Kepler-102",5.2870;7.0714;10.3118;16.1457;27.4536,5.2870,7.0714,10.5739,HIGH,4.66
"Kepler-102",5.2870;7.0714;10.3118;16.1457;27.4536,7.0714,10.3118,10.6071,HIGH,5.39
"Kepler-102",5.2870;7.0714;10.3118;16.1457;27.4536,10.3118,16.1457,15.4677,MEDIUM,6.19
"Kepler-102",5.2870;7.0714;10.3118;16.1457;27.4536,16.1457,27.4536,26.9095,HIGH,6.81
"Kepler-338",9.3410;13.7270;24.3109;44.4310,9.3410,13.7270,14.0115,HIGH,5.02
"Kepler-338",9.3410;13.7270;24.3109;44.4310,13.7270,24.3109,18.3026,MEDIUM,7.89
"Kepler-338",9.3410;13.7270;24.3109;44.4310,24.3109,44.4310,32.4145;43.2193,MEDIUM,6.97
"HD 114783",493.7000;4352.0000,493.7000,4352.0000,740.5500;1110.8250;1666.2375;2499.3562;3749.0344,MEDIUM,7.72
"HD 181433",9.3743;962.0000;2172.0000,9.3743,962.0000,18.7486;37.4972;74.9944;149.9888;299.9776;599.9552,HIGH,5.76
"HD 181433",9.3743;962.0000;2172.0000,962.0000,2172.0000,1443.0000;2164.5000,HIGH,4.62
"BD+20 2457",379.6300;621.9900,379.6300,621.9900,632.7167,HIGH,6.65
"Kepler-127",14.4359;29.3932;48.6304,14.4359,29.3932,28.8718,HIGH,3.70
"Kepler-127",14.4359;29.3932;48.6304,29.3932,48.6304,48.9887,HIGH,6.17
"Kepler-324",4.3853;13.9794;34.1690;51.8056,4.3853,13.9794,5.8471;7.7961;10.3948;13.8598,MEDIUM,6.87
"Kepler-324",4.3853;13.9794;34.1690;51.8056,13.9794,34.1690,18.6392;24.8523;33.1364,MEDIUM,7.23
"Kepler-324",4.3853;13.9794;34.1690;51.8056,34.1690,51.8056,51.2535,HIGH,4.54
"Kepler-402",4.0288;6.1248;8.9211;11.2429,4.0288,6.1248,6.0431,HIGH,4.68
"Kepler-402",4.0288;6.1248;8.9211;11.2429,6.1248,8.9211,9.1872,HIGH,5.45
"Kepler-402",4.0288;6.1248;8.9211;11.2429,8.9211,11.2429,11.8948,MEDIUM,7.94
"Kepler-140",3.2543;91.3533,3.2543,91.3533,6.5085;13.0171;26.0342;52.0683,HIGH,5.75
"Kepler-206",7.7820;13.1375;23.4428,7.7820,13.1375,12.9700,HIGH,6.45
"Kepler-206",7.7820;13.1375;23.4428,13.1375,23.4428,17.5166;23.3555,MEDIUM,6.16
"Kepler-161",4.9214;7.0642,4.9214,7.0642,7.3820,MEDIUM,6.15
"Kepler-122",5.7662;12.4660;21.5875;37.9933;56.2680,5.7662,12.4660,7.6883;10.2510,LOW,9.88
"Kepler-122",5.7662;12.4660;21.5875;37.9933;56.2680,12.4660,21.5875,20.7766,HIGH,7.75
"Kepler-122",5.7662;12.4660;21.5875;37.9933;56.2680,21.5875,37.9933,35.9791,MEDIUM,8.60
"Kepler-122",5.7662;12.4660;21.5875;37.9933;56.2680,37.9933,56.2680,56.9899,HIGH,4.63
"Kepler-450",7.5146;15.4131;28.4549,7.5146,15.4131,15.0293,HIGH,4.08
"Kepler-450",7.5146;15.4131;28.4549,15.4131,28.4549,20.5508;27.4011,MEDIUM,7.32
"Kepler-332",7.6263;15.9956;34.2115,7.6263,15.9956,15.2526,MEDIUM,5.24
"Kepler-332",7.6263;15.9956;34.2115,15.9956,34.2115,21.3275;28.4367,LOW,9.52
"Kepler-346",6.5111;23.8515,6.5111,23.8515,10.8519;18.0865,MEDIUM,8.83
"Kepler-136",11.5789;16.3992,11.5789,16.3992,17.3683,MEDIUM,6.79
"Kepler-221",2.7959;5.6906;10.0416;18.3699,2.7959,5.6906,5.5918,HIGH,3.68
"Kepler-221",2.7959;5.6906;10.0416;18.3699,5.6906,10.0416,9.4843,MEDIUM,8.74
"Kepler-221",2.7959;5.6906;10.0416;18.3699,10.0416,18.3699,13.3887;17.8517,MEDIUM,7.00
"GJ 414 A",50.8000;749.8300,50.8000,749.8300,101.6000;203.2000;406.4000,MEDIUM,8.36
"Kepler-114",5.1885;8.0410;11.7760,5.1885,8.0410,7.7828,HIGH,5.66
"Kepler-114",5.1885;8.0410;11.7760,8.0410,11.7760,12.0615,HIGH,5.18
"Kepler-1321",2.2265;5.7209;11.1283,2.2265,5.7209,2.7831;3.4789;4.3486;5.4358,MEDIUM,9.55
"Kepler-1321",2.2265;5.7209;11.1283,5.7209,11.1283,11.4418,HIGH,4.17
"Kepler-186",3.8868;7.2673;13.3430;22.4077;129.9441,3.8868,7.2673,5.1824;6.9099,MEDIUM,7.76
"Kepler-186",3.8868;7.2673;13.3430;22.4077;129.9441,7.2673,13.3430,9.6897;12.9196,MEDIUM,7.13
"Kepler-186",3.8868;7.2673;13.3430;22.4077;129.9441,13.3430,22.4077,22.2383,HIGH,6.18
"Kepler-186",3.8868;7.2673;13.3430;22.4077;129.9441,22.4077,129.9441,29.8769;39.8359;53.1146;70.8194;94.4259;125.9012,MEDIUM,7.44
"Kepler-404",11.8299;14.7512,11.8299,14.7512,14.7873,MEDIUM,6.52
"Kepler-209",16.0878;41.7499,16.0878,41.7499,24.1318;36.1977,LOW,10.14
"Kepler-117",18.7959;50.7904,18.7959,50.7904,37.5918,HIGH,6.37
"Kepler-272",2.9714;6.0573;10.9373,2.9714,6.0573,5.9427,HIGH,3.76
"Kepler-272",2.9714;6.0573;10.9373,6.0573,10.9373,8.0765;10.7686,MEDIUM,6.56
"Kepler-292",2.5808;3.7153;7.0557;11.9790;20.8342,2.5808,3.7153,3.8712,MEDIUM,6.01
"Kepler-292",2.5808;3.7153;7.0557;11.9790;20.8342,3.7153,7.0557,7.4307,MEDIUM,5.32
"Kepler-292",2.5808;3.7153;7.0557;11.9790;20.8342,7.0557,11.9790,11.7595,HIGH,6.73
"Kepler-292",2.5808;3.7153;7.0557;11.9790;20.8342,11.9790,20.8342,19.9650,MEDIUM,7.98
"Kepler-1487",7.3195;35.8007,7.3195,35.8007,14.6389;29.2779,MEDIUM,7.40
"Kepler-150",3.4281;7.3820;12.5609;30.8266;637.2093,3.4281,7.3820,4.5707;6.0943,LOW,9.75
"Kepler-150",3.4281;7.3820;12.5609;30.8266;637.2093,7.3820,12.5609,12.3033,HIGH,6.85
"Kepler-150",3.4281;7.3820;12.5609;30.8266;637.2093,12.5609,30.8266,16.7479;22.3305;29.7741,MEDIUM,7.33
"Kepler-150",3.4281;7.3820;12.5609;30.8266;637.2093,30.8266,637.2093,61.6531;123.3062;246.6125;493.2249,MEDIUM,7.30
"Kepler-394",5.6136;8.0050;12.1307,5.6136,8.0050,8.4204,MEDIUM,6.47
"Kepler-394",5.6136;8.0050;12.1307,8.0050,12.1307,12.0075,HIGH,4.51
"Kepler-62",5.7149;12.4417;18.1641;122.3874;267.2910,5.7149,12.4417,7.6199;10.1599,LOW,10.12
"Kepler-62",5.7149;12.4417;18.1641;122.3874;267.2910,12.4417,18.1641,18.6626,HIGH,5.34
"Kepler-62",5.7149;12.4417;18.1641;122.3874;267.2910,18.1641,122.3874,36.3281;72.6562,HIGH,5.82
"Kepler-62",5.7149;12.4417;18.1641;122.3874;267.2910,122.3874,267.2910,203.9790,MEDIUM,9.16
"KOI-94",3.7432;10.4236;22.3430;54.3203,3.7432,10.4236,6.2387;10.3978,MEDIUM,6.88
"KOI-94",3.7432;10.4236;22.3430;54.3203,10.4236,22.3430,13.8982;18.5309,LOW,9.59
"KOI-94",3.7432;10.4236;22.3430;54.3203,22.3430,54.3203,29.7907;39.7209;52.9612,MEDIUM,7.09
"Kepler-220",4.1598;9.0342;28.1224;45.9027,4.1598,9.0342,5.5464;7.3952,LOW,10.03
"Kepler-220",4.1598;9.0342;28.1224;45.9027,9.0342,28.1224,12.0456;16.0608;21.4144,MEDIUM,8.08
"Kepler-220",4.1598;9.0342;28.1224;45.9027,28.1224,45.9027,46.8707,HIGH,6.83
"HD 73267",1257.9916;17071.7804,1257.9916,17071.7804,1886.9874;2830.4811;4245.7216;6368.5824;9552.8736;14329.3105,MEDIUM,7.06
"Kepler-1154",5.1856;8.4581,5.1856,8.4581,8.6427,HIGH,6.87
"GJ 163",8.6318;25.6306;603.9512,8.6318,25.6306,17.2636,HIGH,5.01
"GJ 163",8.6318;25.6306;603.9512,25.6306,603.9512,51.2612;102.5223;205.0446;410.0893,HIGH,4.26
"Kepler-368",26.8477;72.3793,26.8477,72.3793,53.6954,HIGH,6.25
"Kepler-335",6.5623;67.8445,6.5623,67.8445,13.1247;26.2493;52.4986,MEDIUM,7.98
"TYC 1422-614-1",198.4000;559.3000,198.4000,559.3000,330.6667;551.1111,MEDIUM,7.30
"Kepler-24",4.2444;8.1400;12.3300;18.9984,4.2444,8.1400,8.4888,MEDIUM,4.85
"Kepler-24",4.2444;8.1400;12.3300;18.9984,8.1400,12.3300,12.2100,HIGH,4.49
"Kepler-24",4.2444;8.1400;12.3300;18.9984,12.3300,18.9984,18.4950,HIGH,5.36
"Kepler-396",42.9940;88.5050,42.9940,88.5050,85.9880,HIGH,4.26
"Kepler-145",22.9510;42.8820,22.9510,42.8820,30.6013;40.8018,MEDIUM,7.73
"Kepler-84",4.2245;8.7260;12.8830;27.4344;44.5522,4.2245,8.7260,8.4491,HIGH,4.44
"Kepler-84",4.2245;8.7260;12.8830;27.4344;44.5522,8.7260,12.8830,13.0890,HIGH,4.79
"Kepler-84",4.2245;8.7260;12.8830;27.4344;44.5522,12.8830,27.4344,17.1773;22.9031,LOW,9.49
"Kepler-84",4.2245;8.7260;12.8830;27.4344;44.5522,27.4344,44.5522,45.7240,HIGH,7.08
"K2-136",7.9752;17.3071;25.5750,7.9752,17.3071,10.6336;14.1781,LOW,10.01
"K2-136",7.9752;17.3071;25.5750,17.3071,25.5750,25.9607,HIGH,4.74
"Kepler-231",10.0653;19.2716,10.0653,19.2716,20.1305,MEDIUM,4.93
"Kepler-85",8.3000;12.5100;17.9132;25.2168,8.3000,12.5100,12.4500,HIGH,4.24
"Kepler-85",8.3000;12.5100;17.9132;25.2168,12.5100,17.9132,18.7650,MEDIUM,6.27
"Kepler-85",8.3000;12.5100;17.9132;25.2168,17.9132,25.2168,26.8698,MEDIUM,7.08
"Kepler-211",4.1386;6.0404,4.1386,6.0404,6.2079,HIGH,5.35
"Kepler-162",6.9198;19.4464,6.9198,19.4464,11.5330;19.2217,MEDIUM,7.19
"TOI-431",0.4900;4.8494;12.4610,0.4900,4.8494,0.9801;1.9602;3.9204,HIGH,5.66
"TOI-431",0.4900;4.8494;12.4610,4.8494,12.4610,6.0617;7.5772;9.4715;11.8394,MEDIUM,9.55
"HD 45364",225.7900;345.4300,225.7900,345.4300,338.6850,HIGH,5.00
"HD 83443",2.9856;8241.0000,2.9856,8241.0000,5.9713;11.9425;23.8850;47.7700;95.5401;191.0802;382.1604;764.3208;1528.6415;3057.2831;6114.5661,HIGH,4.12
"HD 13908",19.3820;931.0000,19.3820,931.0000,38.7640;77.5280;155.0560;310.1120;620.2240,HIGH,3.85
"KOBE-1",8.5399;29.6710,8.5399,29.6710,12.8098;19.2148;28.8222,HIGH,5.49
"Kepler-359",25.5632;57.6880;77.0957,25.5632,57.6880,38.3448;57.5172,HIGH,4.60
"Kepler-359",25.5632;57.6880;77.0957,57.6880,77.0957,115.3760,HIGH,4.62
"Kepler-60",7.1334;8.9187;11.8981,7.1334,8.9187,9.5112,MEDIUM,8.31
"Kepler-60",7.1334;8.9187;11.8981,8.9187,11.8981,17.8374,HIGH,4.53
"Kepler-1350",1.7668;4.4969,1.7668,4.4969,2.9446,MEDIUM,8.20
"Kepler-342",1.6442;15.1703;26.2341;39.4594,1.6442,15.1703,2.4663;3.6995;5.5493;8.3239;12.4858,MEDIUM,7.31
"Kepler-342",1.6442;15.1703;26.2341;39.4594,15.1703,26.2341,25.2839,HIGH,7.68
"Kepler-342",1.6442;15.1703;26.2341;39.4594,26.2341,39.4594,39.3512,HIGH,4.14
"Kepler-880",7.7147;11.8062,7.7147,11.8062,11.5720,HIGH,5.01
"Kepler-312",1.7724;19.7474,1.7724,19.7474,2.6586;3.9879;5.9819;8.9729;13.4593,HIGH,5.86
"Kepler-967",13.2271;198.7113,13.2271,198.7113,19.8407;29.7611;44.6416;66.9624;100.4435;150.6653,MEDIUM,6.14
"Kepler-190",2.0200;3.7630,2.0200,3.7630,2.6933;3.5911,MEDIUM,7.63
"HD 134606",4.3203;12.0890;26.9150;58.8830;966.5000,4.3203,12.0890,7.2005;12.0008,MEDIUM,7.04
"HD 134606",4.3203;12.0890;26.9150;58.8830;966.5000,12.0890,26.9150,18.1335,HIGH,6.02
"HD 134606",4.3203;12.0890;26.9150;58.8830;966.5000,26.9150,58.8830,44.8583,MEDIUM,9.08
"HD 134606",4.3203;12.0890;26.9150;58.8830;966.5000,58.8830,966.5000,117.7660;235.5320;471.0640;942.1280,HIGH,3.62
"Kepler-770",1.4753;4.1524;18.9254,1.4753,4.1524,2.4589;4.0981,MEDIUM,7.24
"Kepler-770",1.4753;4.1524;18.9254,4.1524,18.9254,6.2287;9.3430;14.0145,MEDIUM,6.52
"K2-285",3.4717;7.1380;10.4558;14.7629,3.4717,7.1380,6.9435,HIGH,4.20
"K2-285",3.4717;7.1380;10.4558;14.7629,7.1380,10.4558,10.7071,HIGH,5.17
"K2-285",3.4717;7.1380;10.4558;14.7629,10.4558,14.7629,15.6837,MEDIUM,6.94
"Kepler-367",37.8157;53.5786,37.8157,53.5786,56.7236,MEDIUM,6.77
"Kepler-27",6.5463;15.3348;31.3309,6.5463,15.3348,9.8194;14.7292,HIGH,5.87
"Kepler-27",6.5463;15.3348;31.3309,15.3348,31.3309,30.6696,HIGH,3.88
"HD 20794",18.3140;89.6800;147.0200;647.6000,18.3140,89.6800,36.6280;73.2560,MEDIUM,7.44
"HD 20794",18.3140;89.6800;147.0200;647.6000,89.6800,147.0200,149.4667,HIGH,6.62
"HD 20794",18.3140;89.6800;147.0200;647.6000,147.0200,647.6000,196.0267;261.3689;348.4919;464.6558;619.5411,MEDIUM,7.62
"Kepler-288",6.0973;19.3058;56.6337,6.0973,19.3058,8.1298;10.8397;14.4529;19.2706,MEDIUM,6.74
"Kepler-288",6.0973;19.3058;56.6337,19.3058,56.6337,38.6115,HIGH,5.61
"Kepler-232",4.4312;11.3793,4.4312,11.3793,5.5390;6.9238;8.6547;10.8184,MEDIUM,9.54
"Kepler-294",3.7012;6.6264,3.7012,6.6264,4.9349;6.5799,MEDIUM,6.27
"Kepler-29",10.3397;13.2861,10.3397,13.2861,13.7863,HIGH,7.01
"Kepler-454",10.5738;524.1900;4073.0000,10.5738,524.1900,21.1475;42.2950;84.5900;169.1801;338.3601,MEDIUM,7.54
"Kepler-454",10.5738;524.1900;4073.0000,524.1900,4073.0000,1048.3800;2096.7600,HIGH,4.26
"Kepler-1266",4.8663;28.4747,4.8663,28.4747,6.4884;8.6512;11.5350;15.3799;20.5066;27.3421,MEDIUM,7.58
"Kepler-107",3.1800;4.9015;7.9584;14.7491,3.1800,4.9015,4.7700,HIGH,5.38
"Kepler-107",3.1800;4.9015;7.9584;14.7491,4.9015,7.9584,8.1691,HIGH,7.09
"Kepler-107",3.1800;4.9015;7.9584;14.7491,7.9584,14.7491,10.6112;14.1482,MEDIUM,7.45
"HIP 9618",20.7729;52.5636,20.7729,52.5636,41.5457,MEDIUM,7.51
"HD 113337",317.5864;5429.9348,317.5864,5429.9348,476.3796;714.5694;1071.8541;1607.7811;2411.6716;3617.5075;5426.2612,HIGH,5.13
"Kepler-242",8.2040;14.4965,8.2040,14.4965,13.6733,MEDIUM,8.81
"HIP 38594",60.7220;3477.7680,60.7220,3477.7680,121.4440;242.8880;485.7760;971.5520;1943.1040,HIGH,6.33
"Kepler-194",2.0923;17.3080;52.8150,2.0923,17.3080,4.1846;8.3691;16.7382,HIGH,3.90
"Kepler-194",2.0923;17.3080;52.8150,17.3080,52.8150,34.6161,HIGH,5.36
"Kepler-1336",5.7772;23.1987,5.7772,23.1987,11.5544;23.1088,HIGH,3.10
"Kepler-120",6.3125;12.7946,6.3125,12.7946,12.6250,HIGH,3.47
"Kepler-317",5.5242;8.7750,5.5242,8.7750,8.2864,MEDIUM,6.95
"Kepler-171",4.1670;11.4635;39.5955,4.1670,11.4635,6.2505;9.3757,MEDIUM,8.73
"Kepler-171",4.1670;11.4635;39.5955,11.4635,39.5955,17.1952;25.7928;38.6892,HIGH,5.34
"Kepler-204",14.4010;25.6606,14.4010,25.6606,19.2013;25.6017,MEDIUM,6.11
"Kepler-539",125.6324;1000.0000,125.6324,1000.0000,251.2649;502.5297,HIGH,3.47
"KOI-351",7.0082;8.7194;14.4491;59.7367;91.9391;124.9144;210.6070;331.6006,7.0082,8.7194,8.7602,MEDIUM,6.63
"KOI-351",7.0082;8.7194;14.4491;59.7367;91.9391;124.9144;210.6070;331.6006,8.7194,14.4491,14.5323,HIGH,6.09
"KOI-351",7.0082;8.7194;14.4491;59.7367;91.9391;124.9144;210.6070;331.6006,14.4491,59.7367,28.8982;57.7965,HIGH,4.09
"KOI-351",7.0082;8.7194;14.4491;59.7367;91.9391;124.9144;210.6070;331.6006,59.7367,91.9391,89.6050,HIGH,5.30
"KOI-351",7.0082;8.7194;14.4491;59.7367;91.9391;124.9144;210.6070;331.6006,91.9391,124.9144,183.8783,HIGH,5.45
"KOI-351",7.0082;8.7194;14.4491;59.7367;91.9391;124.9144;210.6070;331.6006,124.9144,210.6070,208.1907,HIGH,6.38
"KOI-351",7.0082;8.7194;14.4491;59.7367;91.9391;124.9144;210.6070;331.6006,210.6070,331.6006,315.9105,MEDIUM,6.48
"Kepler-93",4.7267;1460.0000,4.7267,1460.0000,9.4535;18.9070;37.8139;75.6278;151.2557;302.5113;605.0227;1210.0454,HIGH,5.05
"Kepler-321",4.9154;13.0939,4.9154,13.0939,9.8308,HIGH,5.75
"Kepler-325",4.5444;12.7622;38.7152,4.5444,12.7622,7.5741;12.6234,MEDIUM,7.17
"Kepler-325",4.5444;12.7622;38.7152,12.7622,38.7152,25.5243,HIGH,5.06
"Kepler-343",8.9686;23.2218,8.9686,23.2218,11.2107;14.0134;17.5167;21.8959,MEDIUM,9.71
"Kepler-54",8.0109;12.0717;20.9957,8.0109,12.0717,12.0164,HIGH,4.23
"Kepler-54",8.0109;12.0717;20.9957,12.0717,20.9957,20.1195,MEDIUM,7.98
"Kepler-725",39.6437;207.5410,39.6437,207.5410,59.4656;89.1984;133.7976;200.6963,HIGH,5.58
"Kepler-360",3.2897;7.1864,3.2897,7.1864,5.4828,MEDIUM,9.15
"Kepler-290",0.7640;14.5893;36.7703,0.7640,14.5893,1.5280;3.0561;6.1121;12.2243,HIGH,5.81
"Kepler-290",0.7640;14.5893;36.7703,14.5893,36.7703,29.1787,MEDIUM,7.31
"Kepler-352",6.8873;10.0554;16.3330,6.8873,10.0554,10.3309,HIGH,5.33
"Kepler-352",6.8873;10.0554;16.3330,10.0554,16.3330,16.7590,HIGH,7.07
"Kepler-1388",5.5361;12.2855;20.9568;37.6327,5.5361,12.2855,8.3041,HIGH,6.19
"Kepler-1388",5.5361;12.2855;20.9568;37.6327,12.2855,20.9568,20.4758,HIGH,6.97
"Kepler-1388",5.5361;12.2855;20.9568;37.6327,20.9568,37.6327,27.9424;37.2566,MEDIUM,6.37
"TOI-2076",3.0223;10.3552;21.0153;35.1257,3.0223,10.3552,4.5335;6.8003;10.2004,HIGH,5.13
"TOI-2076",3.0223;10.3552;21.0153;35.1257,10.3552,21.0153,20.7105,HIGH,3.54
"TOI-2076",3.0223;10.3552;21.0153;35.1257,21.0153,35.1257,35.0255,HIGH,5.94
"K2-183",0.4693;10.7880;22.6203,0.4693,10.7880,0.7039;1.0559;1.5838;2.3758;3.5636;5.3454;8.0182,MEDIUM,6.06
"K2-183",0.4693;10.7880;22.6203,10.7880,22.6203,21.5760,MEDIUM,5.22
"Kepler-920",6.5319;100.8274,6.5319,100.8274,9.7979;14.6968;22.0453;33.0679;49.6018;74.4027,MEDIUM,9.11
"Kepler-358",34.0605;83.4884,34.0605,83.4884,45.4140;60.5519;80.7359,MEDIUM,7.30
"Kepler-304",1.4991;3.2957;5.3159;9.6535,1.4991,3.2957,2.2487,HIGH,6.65
"Kepler-304",1.4991;3.2957;5.3159;9.6535,3.2957,5.3159,5.4928,HIGH,7.41
"Kepler-304",1.4991;3.2957;5.3159;9.6535,5.3159,9.6535,7.0879;9.4506,MEDIUM,6.75
"TOI-1347",0.8474;4.8420,0.8474,4.8420,1.1299;1.5065;2.0087;2.6783;3.5710;4.7614,MEDIUM,7.23
"KOI-7892",10.6906;31.8099;75.2000,10.6906,31.8099,21.3812,HIGH,4.91
"KOI-7892",10.6906;31.8099;75.2000,31.8099,75.2000,47.7148;71.5723,HIGH,6.19
"Kepler-529",1.9804;12.8345;35.8662,1.9804,12.8345,2.9705;4.4558;6.6837;10.0256,MEDIUM,8.89
"Kepler-529",1.9804;12.8345;35.8662,12.8345,35.8662,21.3908;35.6514,MEDIUM,7.00
"Kepler-193",11.3885;50.6975,11.3885,50.6975,17.0827;25.6241;38.4361,MEDIUM,6.47
"Kepler-265",6.8463;17.0289;43.1306;67.8310,6.8463,17.0289,9.1283;12.1711;16.2282,MEDIUM,7.68
"Kepler-265",6.8463;17.0289;43.1306;67.8310,17.0289,43.1306,34.0579,MEDIUM,7.56
"Kepler-265",6.8463;17.0289;43.1306;67.8310,43.1306,67.8310,64.6959,MEDIUM,6.42
"HD 65216",577.6000;5370.0000,577.6000,5370.0000,1155.2000;2310.4000;4620.8000,MEDIUM,6.90
"HD 33844",551.4000;916.0000,551.4000,916.0000,919.0000,HIGH,5.96
"HIP 54373",7.7600;15.1440,7.7600,15.1440,15.5200,HIGH,4.01
"K2-254",4.0964;12.1184,4.0964,12.1184,8.1928,HIGH,5.19
"TOI-1117",2.2282;4.5790;8.6650,2.2282,4.5790,4.4563,HIGH,4.18
"TOI-1117",2.2282;4.5790;8.6650,4.5790,8.6650,9.1580,MEDIUM,5.49
"Kepler-151",15.2290;24.6746,15.2290,24.6746,25.3816,HIGH,7.19
"Kepler-217",3.8869;5.3749;8.5860,3.8869,5.3749,5.1825,HIGH,7.06
"Kepler-217",3.8869;5.3749;8.5860,5.3749,8.5860,8.9582,MEDIUM,7.88
"HD 82943",220.0780;441.4700,220.0780,441.4700,440.1560,HIGH,2.95
"Kepler-1489",0.6807;82.2948,0.6807,82.2948,1.0211;1.5317;2.2975;3.4463;5.1694;7.7541;11.6311;17.4466;26.1700;39.2550;58.8824,MEDIUM,6.80
"Kepler-105",5.4122;7.1259,5.4122,7.1259,10.8244,HIGH,5.13
"Kepler-385",10.0437;15.1632;56.4159,10.0437,15.1632,15.0655,HIGH,4.32
"Kepler-385",10.0437;15.1632;56.4159,15.1632,56.4159,25.2719;42.1199,MEDIUM,8.62
"Kepler-170",7.9306;16.6659,7.9306,16.6659,15.8612,MEDIUM,5.34
"HD 42813",3.5380;6.4296;13.6308,3.5380,6.4296,4.7173;6.2897,MEDIUM,6.77
"HD 42813",3.5380;6.4296;13.6308,6.4296,13.6308,12.8591,MEDIUM,5.80
"Kepler-159",10.1396;43.5958,10.1396,43.5958,13.5195;18.0260;24.0347;32.0462;42.7283,MEDIUM,7.21
"GJ 229",121.9327;579.4750,121.9327,579.4750,243.8654;487.7307,MEDIUM,7.10
"Kepler-397",22.2509;135.4985,22.2509,135.4985,44.5019;89.0038,HIGH,4.66
"55 Cnc",0.7365;14.6516;44.3989;259.8800;5574.2000,0.7365,14.6516,1.4731;2.9462;5.8924;11.7848,HIGH,5.21
"55 Cnc",0.7365;14.6516;44.3989;259.8800;5574.2000,14.6516,44.3989,29.3032,HIGH,5.01
"55 Cnc",0.7365;14.6516;44.3989;259.8800;5574.2000,44.3989,259.8800,59.1985;78.9314;105.2418;140.3224;187.0966;249.4621,MEDIUM,7.58
"55 Cnc",0.7365;14.6516;44.3989;259.8800;5574.2000,259.8800,5574.2000,519.7600;1039.5200;2079.0400;4158.0800,HIGH,4.61
"HIP 65407",28.1250;67.3000,28.1250,67.3000,37.5000;50.0000;66.6667,MEDIUM,6.69
"TOI-201",52.9779;2800.0000,52.9779,2800.0000,105.9559;211.9118;423.8236;847.6471;1695.2943,HIGH,4.78
"Kepler-258",13.1972;33.6531,13.1972,33.6531,21.9954,MEDIUM,8.30
"HD 216520",35.4500;154.4300,35.4500,154.4300,47.2667;63.0222;84.0296;112.0395;149.3860,MEDIUM,7.43
"HD 206893",2090.0000;9350.0000,2090.0000,9350.0000,3135.0000;4702.5000;7053.7500,MEDIUM,6.35
"Kepler-333",12.5512;24.0882,12.5512,24.0882,25.1023,MEDIUM,4.82
"Kepler-191",5.9450;9.9396;17.7385,5.9450,9.9396,9.9084,HIGH,5.96
"Kepler-191",5.9450;9.9396;17.7385,9.9396,17.7385,13.2528;17.6705,MEDIUM,6.16
"Kepler-203",3.1627;5.3706;11.3297,3.1627,5.3706,5.2712,HIGH,6.74
"Kepler-203",3.1627;5.3706;11.3297,5.3706,11.3297,10.7413,MEDIUM,5.54
"Kepler-403",7.0315;13.6116;54.2807,7.0315,13.6116,14.0629,HIGH,4.40
"Kepler-403",7.0315;13.6116;54.2807,13.6116,54.2807,27.2232,HIGH,3.45
"Kepler-347",12.7984;27.3209;85.5173,12.7984,27.3209,17.0645;22.7526,LOW,9.45
"Kepler-347",12.7984;27.3209;85.5173,27.3209,85.5173,36.4278;48.5704;64.7606,MEDIUM,7.94
"HD 104067",13.8992;55.8510,13.8992,55.8510,27.7984;55.5968,HIGH,3.12
"Kepler-237",4.7151;8.1036,4.7151,8.1036,7.8585,HIGH,7.36
"K2-270",1.5431;4.4000,1.5431,4.4000,2.5718;4.2863,MEDIUM,7.68
"LHS 1678",0.8602;3.6943;4.9652,0.8602,3.6943,1.1470;1.5293;2.0391;2.7188;3.6250,MEDIUM,7.19
"LHS 1678",0.8602;3.6943;4.9652,3.6943,4.9652,7.3886,HIGH,4.90
"K2-18",8.9620;32.9396,8.9620,32.9396,14.9367;24.8944,MEDIUM,8.72
"Kepler-113",4.7540;8.9251,4.7540,8.9251,9.5080,MEDIUM,5.87
"HD 10180",5.7597;16.3570;49.7480;122.7440;604.6700;2205.0000,5.7597,16.3570,9.5995;15.9991,MEDIUM,7.55
"HD 10180",5.7597;16.3570;49.7480;122.7440;604.6700;2205.0000,16.3570,49.7480,32.7140,HIGH,5.19
"HD 10180",5.7597;16.3570;49.7480;122.7440;604.6700;2205.0000,49.7480,122.7440,66.3307;88.4409;117.9212,MEDIUM,7.47
"HD 10180",5.7597;16.3570;49.7480;122.7440;604.6700;2205.0000,122.7440,604.6700,245.4880;490.9760,HIGH,6.39
"HD 10180",5.7597;16.3570;49.7480;122.7440;604.6700;2205.0000,604.6700,2205.0000,1007.7833;1679.6389,MEDIUM,8.98
"HD 3167",0.9596;8.4112;29.8454;96.6300,0.9596,8.4112,1.9193;3.8386;7.6771,MEDIUM,8.85
"HD 3167",0.9596;8.4112;29.8454;96.6300,8.4112,29.8454,12.6168;18.9252;28.3878,HIGH,6.03
"HD 3167",0.9596;8.4112;29.8454;96.6300,29.8454,96.6300,39.7939;53.0585;70.7447;94.3262,MEDIUM,7.19
"Kepler-349",5.9298;12.2476,5.9298,12.2476,11.8596,HIGH,4.44
"Kepler-722",4.0936;105.1447,4.0936,105.1447,6.1404;9.2105;13.8158;20.7237;31.0856;46.6284;69.9425;104.9138,HIGH,5.19
"HD 25463",3.0440;7.0491,3.0440,7.0491,4.5661;6.8491,HIGH,5.47
"Kepler-446",1.5654;3.0362;5.1489,1.5654,3.0362,3.1308,HIGH,4.31
"Kepler-446",1.5654;3.0362;5.1489,3.0362,5.1489,5.0603,HIGH,6.68
"K2-352",3.6659;8.2349;14.8714,3.6659,8.2349,5.4989,HIGH,5.58
"K2-352",3.6659;8.2349;14.8714,8.2349,14.8714,10.9798;14.6398,MEDIUM,6.56
"Kepler-1129",24.3398;76.5370,24.3398,76.5370,32.4530;43.2707;57.6943,MEDIUM,7.83
"Kepler-1067",0.7621;5.4258,0.7621,5.4258,1.1432;1.7148;2.5722;3.8583,MEDIUM,7.69
"Kepler-198",1.3118;17.7900;49.5674,1.3118,17.7900,1.9678;2.9516;4.4275;6.6412;9.9618;14.9427,MEDIUM,7.07
"Kepler-198",1.3118;17.7900;49.5674,17.7900,49.5674,29.6501;49.4168,MEDIUM,6.90
"Barnard's star",2.3402;3.1542;4.1244;6.7392,2.3402,3.1542,4.6804,HIGH,5.04
"Barnard's star",2.3402;3.1542;4.1244;6.7392,3.1542,4.1244,6.3084,HIGH,5.47
"Barnard's star",2.3402;3.1542;4.1244;6.7392,4.1244,6.7392,6.8740,HIGH,6.78
"Kepler-83",5.1698;9.7700;20.0900,5.1698,9.7700,10.3396,MEDIUM,5.55
"Kepler-83",5.1698;9.7700;20.0900,9.7700,20.0900,19.5400,HIGH,4.21
"Kepler-2000",6.3832;20.6180,6.3832,20.6180,8.5109;11.3478;15.1305;20.1739,MEDIUM,7.14
"K2-133",3.0713;4.8678;11.0245;26.5841,3.0713,4.8678,4.6070,MEDIUM,6.83
"K2-133",3.0713;4.8678;11.0245;26.5841,4.8678,11.0245,7.3018;10.9526,HIGH,4.72
"K2-133",3.0713;4.8678;11.0245;26.5841,11.0245,26.5841,14.6994;19.5992;26.1322,MEDIUM,6.88
"Kepler-275",10.3007;16.0881;35.6761,10.3007,16.0881,15.4510,MEDIUM,6.06
"Kepler-275",10.3007;16.0881;35.6761,16.0881,35.6761,24.1322,HIGH,6.22
"K2-158",5.9028;10.0605,5.9028,10.0605,9.8380,HIGH,6.93
"Kepler-153",18.8702;46.9023,18.8702,46.9023,25.1603;33.5471;44.7294,MEDIUM,7.66
"TOI-6695",80.3890;242.4000,80.3890,242.4000,160.7780,HIGH,4.76
"HD 192310",74.7200;525.8000,74.7200,525.8000,149.4400;298.8800,MEDIUM,6.94
"K2-166",3.8046;8.5269,3.8046,8.5269,5.7070,HIGH,5.70
"Kepler-157",1.7323;7.0257;13.5405,1.7323,7.0257,3.4647;6.9294,HIGH,3.43
"Kepler-157",1.7323;7.0257;13.5405,7.0257,13.5405,14.0515,HIGH,4.62
"Kepler-256",1.6205;3.3880;5.8392;10.6816,1.6205,3.3880,3.2410,MEDIUM,5.07
"Kepler-256",1.6205;3.3880;5.8392;10.6816,3.3880,5.8392,5.6467,HIGH,7.50
"Kepler-256",1.6205;3.3880;5.8392;10.6816,5.8392,10.6816,7.7856;10.3808,MEDIUM,7.00
"TIC 279401253",76.8000;155.3000,76.8000,155.3000,153.6000,HIGH,3.35
"HIP 67522",6.9595;14.3349,6.9595,14.3349,13.9189,HIGH,4.29
"Kepler-302",30.1841;127.2822,30.1841,127.2822,60.3682;120.7364,HIGH,4.77
"Kepler-354",5.4767;16.9344;24.2098,5.4767,16.9344,6.8458;8.5573;10.6966;13.3708;16.7134,MEDIUM,8.95
"Kepler-354",5.4767;16.9344;24.2098,16.9344,24.2098,25.4016,MEDIUM,6.35
"Kepler-164",5.0350;10.9457;28.9868;94.8869,5.0350,10.9457,6.7134;8.9512,LOW,10.07
"Kepler-164",5.0350;10.9457;28.9868;94.8869,10.9457,28.9868,21.8914,HIGH,6.05
"Kepler-164",5.0350;10.9457;28.9868;94.8869,28.9868,94.8869,38.6490;51.5320;68.7094;91.6125,MEDIUM,7.41
"tau Cet",20.0000;49.4100;162.8700;636.1300,20.0000,49.4100,26.6667;35.5556;47.4074,MEDIUM,7.51
"tau Cet",20.0000;49.4100;162.8700;636.1300,49.4100,162.8700,74.1150;111.1725,HIGH,6.28
"tau Cet",20.0000;49.4100;162.8700;636.1300,162.8700,636.1300,325.7400,HIGH,4.48
"Kepler-201",25.6721;151.8841,25.6721,151.8841,51.3442;102.6883,HIGH,4.63
"EPIC 212737443",13.6030;65.5500,13.6030,65.5500,27.2060;54.4120,MEDIUM,6.90
"Kepler-178",9.5767;20.5528;96.6790,9.5767,20.5528,12.7689;17.0252,LOW,9.63
"Kepler-178",9.5767;20.5528;96.6790,20.5528,96.6790,41.1056;82.2112,MEDIUM,7.90
"Kepler-199",23.6376;67.0934,23.6376,67.0934,39.3960;65.6600,MEDIUM,7.53
"Kepler-990",0.5384;9.9172,0.5384,9.9172,1.0767;2.1534;4.3068;8.6137,MEDIUM,7.05
"Kepler-1802",15.4502;33.1361,15.4502,33.1361,20.6003;27.4670,LOW,9.61
"Kepler-913",5.9391;10.2967,5.9391,10.2967,9.8985,MEDIUM,7.81
"HAT-P-44",4.3012;872.2000,4.3012,872.2000,6.4518;9.6777;14.5166;21.7749;32.6624;48.9936;73.4904;110.2355;165.3533;248.0300;372.0449;558.0674;837.1011,HIGH,5.59
"TOI-1634",0.9893;103.0000,0.9893,103.0000,1.4840;2.2260;3.3390;5.0086;7.5128;11.2693;16.9039;25.3558;38.0338;57.0506;85.5760,MEDIUM,6.63
"Kepler-278",30.1605;51.0788,30.1605,51.0788,50.2676,HIGH,6.61
"Kepler-1907",5.6525;14.8639,5.6525,14.8639,11.3049,HIGH,6.39
"Kepler-9",1.5929;19.2389;38.9853,1.5929,19.2389,3.1857;6.3714;12.7428,HIGH,4.16
"Kepler-9",1.5929;19.2389;38.9853,19.2389,38.9853,38.4778,HIGH,3.46
"HD 96700",8.1245;19.8800;103.5000,8.1245,19.8800,10.8327;14.4436;19.2581,MEDIUM,7.26
"HD 96700",8.1245;19.8800;103.5000,19.8800,103.5000,29.8200;44.7300;67.0950;100.6425,HIGH,5.47
"75 Cet",696.6200;2051.6200,696.6200,2051.6200,1393.2400,HIGH,5.41
"Kepler-30",29.3343;60.3231;143.3439,29.3343,60.3231,58.6687,HIGH,4.21
"Kepler-30",29.3343;60.3231;143.3439,60.3231,143.3439,90.4847;135.7270,HIGH,6.37
"Kepler-388",3.1733;13.2970,3.1733,13.2970,6.3466;12.6933,HIGH,4.55
"HD 147018",44.2360;1008.0000,44.2360,1008.0000,66.3540;99.5310;149.2965;223.9447;335.9171;503.8757;755.8135,MEDIUM,5.95
"Kepler-416",3.0764;6.3190;12.2090,3.0764,6.3190,6.1529,HIGH,4.15
"Kepler-416",3.0764;6.3190;12.2090,6.3190,12.2090,12.6380,HIGH,4.50
"Kepler-185",1.6329;20.7290,1.6329,20.7290,3.2658;6.5316;13.0632,MEDIUM,7.01
"HD 81817",622.9780;1021.2016,622.9780,1021.2016,1038.2967,HIGH,6.62
"Kepler-1322",0.9629;6.4600,0.9629,6.4600,1.9257;3.8515,HIGH,5.68
"Kepler-268",25.9341;83.4464,25.9341,83.4464,34.5789;46.1051;61.4735;81.9647,MEDIUM,7.06
"Kepler-1254",3.6008;5.7272;9.9911,3.6008,5.7272,5.4013,MEDIUM,7.02
"Kepler-1254",3.6008;5.7272;9.9911,5.7272,9.9911,9.5453,MEDIUM,8.14
"Kepler-167",4.3932;7.4061;21.8038;1071.2321,4.3932,7.4061,7.3219,HIGH,6.37
"Kepler-167",4.3932;7.4061;21.8038;1071.2321,7.4061,21.8038,14.8122,HIGH,5.43
"Kepler-167",4.3932;7.4061;21.8038;1071.2321,21.8038,1071.2321,43.6076;87.2152;174.4303;348.8606;697.7213,HIGH,4.23
"Kepler-11",10.3039;13.0241;22.6845;31.9996;46.6888;118.3807,10.3039,13.0241,13.7385,MEDIUM,7.80
"Kepler-11",10.3039;13.0241;22.6845;31.9996;46.6888;118.3807,13.0241,22.6845,21.7068,MEDIUM,8.05
"Kepler-11",10.3039;13.0241;22.6845;31.9996;46.6888;118.3807,22.6845,31.9996,34.0267,MEDIUM,6.98
"Kepler-11",10.3039;13.0241;22.6845;31.9996;46.6888;118.3807,31.9996,46.6888,47.9994,HIGH,5.37
"Kepler-11",10.3039;13.0241;22.6845;31.9996;46.6888;118.3807,46.6888,118.3807,93.3776,MEDIUM,7.61
"Kepler-511",26.6295;296.6379,26.6295,296.6379,39.9442;59.9164;89.8746;134.8118;202.2178,HIGH,5.87
"HD 204313",34.9588;2041.1154;7325.6467,34.9588,2041.1154,52.4381;78.6572;117.9858;176.9787;265.4680;398.2020;597.3030;895.9545;1343.9318;2015.8977,HIGH,5.34
"HD 204313",34.9588;2041.1154;7325.6467,2041.1154,7325.6467,3061.6731;4592.5096;6888.7644,MEDIUM,11.07
"GJ 9827",1.2090;3.6481;6.2018,1.2090,3.6481,2.4179,HIGH,4.79
"GJ 9827",1.2090;3.6481;6.2018,3.6481,6.2018,6.0802,HIGH,6.80
"Kepler-59",11.8682;17.9801,11.8682,17.9801,17.8023,HIGH,4.50
"Kepler-305",3.2054;5.4870;8.2910;16.7400,3.2054,5.4870,5.3423,HIGH,7.15
"Kepler-305",3.2054;5.4870;8.2910;16.7400,5.4870,8.2910,8.2305,HIGH,4.37
"Kepler-305",3.2054;5.4870;8.2910;16.7400,8.2910,16.7400,16.5820,HIGH,3.28
"Kepler-879",0.6467;33.3856,0.6467,33.3856,0.9701;1.4551;2.1827;3.2740;4.9110;7.3665;11.0497;16.5746;24.8619,MEDIUM,5.97
"Kepler-1641",19.6723;32.6572,19.6723,32.6572,32.7871,HIGH,6.00
"Kepler-419",69.7546;675.4700,69.7546,675.4700,139.5092;279.0184;558.0368,HIGH,6.32
"bet Pic",1192.7795;8617.5095,1192.7795,8617.5095,2385.5590;4771.1180,MEDIUM,8.18
"HD 93385",7.3426;13.1800;45.8500,7.3426,13.1800,9.7901;13.0535,MEDIUM,6.36
"HD 93385",7.3426;13.1800;45.8500,13.1800,45.8500,19.7700;29.6550;44.4825,HIGH,5.52
"Kepler-610",6.9969;151.8639,6.9969,151.8639,13.9939;27.9877;55.9754;111.9508,MEDIUM,8.37
"Kepler-277",17.3240;33.0060,17.3240,33.0060,34.6480,MEDIUM,5.17
"Kepler-106",6.1649;13.5708;23.9802;43.8445,6.1649,13.5708,9.2473,HIGH,6.58
"Kepler-106",6.1649;13.5708;23.9802;43.8445,13.5708,23.9802,22.6180,MEDIUM,8.81
"Kepler-106",6.1649;13.5708;23.9802;43.8445,23.9802,43.8445,31.9736;42.6315,MEDIUM,6.98
"Kepler-322",1.6539;4.3372,1.6539,4.3372,3.3078,HIGH,6.53
"Kepler-1991",13.2608;22.7902,13.2608,22.7902,22.1013,HIGH,7.36
"rho CrB",12.9490;39.8438;102.1900;282.2000,12.9490,39.8438,16.1863;20.2328;25.2910;31.6138;39.5172,MEDIUM,8.87
"rho CrB",12.9490;39.8438;102.1900;282.2000,39.8438,102.1900,49.8047;62.2559;77.8199;97.2749,MEDIUM,9.51
"rho CrB",12.9490;39.8438;102.1900;282.2000,102.1900,282.2000,153.2850;229.9275,MEDIUM,7.84
"Kepler-310",13.9307;56.4754;92.8761,13.9307,56.4754,27.8614;55.7228,HIGH,3.42
"Kepler-310",13.9307;56.4754;92.8761,56.4754,92.8761,94.1257,HIGH,6.46
"HD 39194",5.6368;14.0300;33.9100,5.6368,14.0300,7.5157;10.0210;13.3613,MEDIUM,7.70
"HD 39194",5.6368;14.0300;33.9100,14.0300,33.9100,18.7067;24.9422;33.2563,MEDIUM,6.94
"Kepler-173",4.2637;8.0058,4.2637,8.0058,8.5275,MEDIUM,5.86
"Kepler-361",8.4866;55.1880,8.4866,55.1880,12.7299;19.0949;28.6423;42.9635,MEDIUM,8.82
"Kepler-188",2.0619;5.9966,2.0619,5.9966,3.4365;5.7275,MEDIUM,8.37
"Kepler-296",5.8416;10.8644;19.8503;34.1421;63.3363,5.8416,10.8644,7.7888;10.3851,MEDIUM,7.57
"Kepler-296",5.8416;10.8644;19.8503;34.1421;63.3363,10.8644,19.8503,14.4858;19.3145,MEDIUM,6.96
"Kepler-296",5.8416;10.8644;19.8503;34.1421;63.3363,19.8503,34.1421,33.0838,HIGH,7.40
"Kepler-296",5.8416;10.8644;19.8503;34.1421;63.3363,34.1421,63.3363,45.5228;60.6971,MEDIUM,7.48
"Kepler-1464",5.3279;31.7786,5.3279,31.7786,10.6557;21.3115,HIGH,4.36
"Kepler-112",8.4089;28.5743,8.4089,28.5743,12.6133;18.9200;28.3800,HIGH,4.92
"Kepler-887",7.6385;20.4223,7.6385,20.4223,15.2769,HIGH,5.83
"Kepler-154",3.9328;9.9194;20.5498;33.0405;62.3033,3.9328,9.9194,7.8655,MEDIUM,7.34
"Kepler-154",3.9328;9.9194;20.5498;33.0405;62.3033,9.9194,20.5498,19.8387,HIGH,4.59
"Kepler-154",3.9328;9.9194;20.5498;33.0405;62.3033,20.5498,33.0405,34.2497,HIGH,7.57
"Kepler-154",3.9328;9.9194;20.5498;33.0405;62.3033,33.0405,62.3033,66.0811,MEDIUM,5.66
"Kepler-1370",7.4414;20.2642,7.4414,20.2642,11.1621;16.7432,MEDIUM,8.39
"Kepler-393",9.1824;14.6136,9.1824,14.6136,13.7736,MEDIUM,7.05
"HD 118203",6.1350;5103.0000,6.1350,5103.0000,12.2700;24.5399;49.0798;98.1596;196.3193;392.6386;785.2772;1570.5543;3141.1087,HIGH,6.90
"Kepler-301",2.5086;5.4190;13.7512,2.5086,5.4190,3.3447;4.4596,LOW,9.85
"Kepler-301",2.5086;5.4190;13.7512,5.4190,13.7512,9.0317,MEDIUM,8.05
"HD 116029",670.0000;907.0000,670.0000,907.0000,1340.0000,HIGH,5.26
"HD 158259",2.1780;3.4320;5.1981;7.9510;12.0280,2.1780,3.4320,3.2670,MEDIUM,6.53
"HD 158259",2.1780;3.4320;5.1981;7.9510;12.0280,3.4320,5.1981,5.1480,HIGH,4.49
"HD 158259",2.1780;3.4320;5.1981;7.9510;12.0280,5.1981,7.9510,7.7971,HIGH,4.99
"HD 158259",2.1780;3.4320;5.1981;7.9510;12.0280,7.9510,12.0280,11.9265,HIGH,4.43
"Kepler-418",12.2183;86.6786,12.2183,86.6786,24.4366;48.8732,MEDIUM,7.22
"Kepler-431",6.8030;8.7030;11.9220,6.8030,8.7030,9.0707,MEDIUM,7.23
"Kepler-431",6.8030;8.7030;11.9220,8.7030,11.9220,17.4060,HIGH,5.87
"K2-187",0.7740;2.8715;7.1496;13.6066,0.7740,2.8715,1.2900;2.1500,MEDIUM,8.52
"K2-187",0.7740;2.8715;7.1496;13.6066,2.8715,7.1496,3.8287;5.1049;6.8065,MEDIUM,7.71
"K2-187",0.7740;2.8715;7.1496;13.6066,7.1496,13.6066,14.2992,MEDIUM,5.22
"Kepler-81",5.9550;12.0400;20.8378,5.9550,12.0400,11.9100,HIGH,3.35
"Kepler-81",5.9550;12.0400;20.8378,12.0400,20.8378,20.0667,HIGH,7.72
"Kepler-87",114.7364;191.2318,114.7364,191.2318,191.2272,HIGH,5.80
"Kepler-1065",2.3703;3.6093,2.3703,3.6093,3.5555,HIGH,4.76
"Kepler-389",3.2441;14.5114,3.2441,14.5114,4.8662;7.2992;10.9489,MEDIUM,6.35
"WASP-148",8.8038;34.5240,8.8038,34.5240,17.6076,HIGH,4.28
"Kepler-56",10.5016;21.4024;1002.0000,10.5016,21.4024,21.0032,HIGH,3.75
"Kepler-56",10.5016;21.4024;1002.0000,21.4024,1002.0000,42.8048;85.6096;171.2191;342.4382;684.8765,MEDIUM,7.44
"Kepler-1987",2.3459;3.6483;5.6449;8.7429,2.3459,3.6483,3.5188,HIGH,5.84
"Kepler-1987",2.3459;3.6483;5.6449;8.7429,3.6483,5.6449,5.4725,HIGH,5.58
"Kepler-1987",2.3459;3.6483;5.6449;8.7429,5.6449,8.7429,8.4674,HIGH,5.63
"HD 35843",9.8991;46.9622,9.8991,46.9622,19.7982;39.5964,MEDIUM,7.15
"Kepler-184",10.6876;20.3030;29.0224,10.6876,20.3030,21.3752,MEDIUM,5.31
"Kepler-184",10.6876;20.3030;29.0224,20.3030,29.0224,30.4545,MEDIUM,6.35
"Kepler-130",8.4575;27.5087;87.5179,8.4575,27.5087,11.2766;15.0355;20.0473;26.7297,MEDIUM,7.28
"Kepler-130",8.4575;27.5087;87.5179,27.5087,87.5179,36.6782;48.9043;65.2058;86.9410,MEDIUM,6.83
"HIP 8541",228.5373;1852.1439,228.5373,1852.1439,457.0746;914.1492;1828.2985,HIGH,3.38
"HD 62364",5138.0000;74839.9456,5138.0000,74839.9456,10276.0000;20552.0000;41104.0000,MEDIUM,8.37
"TOI-1749",2.3884;4.4929;9.0497,2.3884,4.4929,4.7768,MEDIUM,5.77
"TOI-1749",2.3884;4.4929;9.0497,4.4929,9.0497,8.9858,HIGH,3.16
"K2-5",5.7359;10.9324,5.7359,10.9324,11.4719,MEDIUM,5.15
"HAT-P-11",4.8880;3361.0000,4.8880,3361.0000,9.7760;19.5520;39.1040;78.2080;156.4160;312.8320;625.6640;1251.3280;2502.6560,HIGH,4.17
"Kepler-328",34.9210;71.3120,34.9210,71.3120,69.8420,HIGH,3.85
"K2-198",3.3596;7.4500;17.0429,3.3596,7.4500,5.0394,HIGH,6.22
"K2-198",3.3596;7.4500;17.0429,7.4500,17.0429,11.1750;16.7625,HIGH,5.06
"2MASS J19383260+4603591",43.0000;406.0000;1460.0000,43.0000,406.0000,86.0000;172.0000;344.0000,MEDIUM,7.09
"2MASS J19383260+4603591",43.0000;406.0000;1460.0000,406.0000,1460.0000,609.0000;913.5000;1370.2500,MEDIUM,11.02
"Kepler-369",2.7328;14.8716,2.7328,14.8716,4.0991;6.1487;9.2231;13.8346,MEDIUM,9.99
"Kepler-253",3.7840;10.2820;18.1199,3.7840,10.2820,5.6760;8.5140,MEDIUM,8.31
"Kepler-253",3.7840;10.2820;18.1199,10.2820,18.1199,17.1366,MEDIUM,8.67
"Kepler-366",3.2820;12.5162,3.2820,12.5162,4.3759;5.8346;7.7795;10.3726,MEDIUM,9.01
"K2-155",6.3420;13.8500;40.7180,6.3420,13.8500,10.5700,MEDIUM,9.16
"K2-155",6.3420;13.8500;40.7180,13.8500,40.7180,27.7000,HIGH,5.50
"Kepler-245",3.2198;7.4902;17.4608;36.2771,3.2198,7.4902,4.8297;7.2446,HIGH,5.63
"Kepler-245",3.2198;7.4902;17.4608;36.2771,7.4902,17.4608,11.2353;16.8529,HIGH,5.70
"Kepler-245",3.2198;7.4902;17.4608;36.2771,17.4608,36.2771,34.9216,HIGH,4.74
"HD 108874",394.4812;1624.0000,394.4812,1624.0000,788.9625;1577.9249,HIGH,3.94
"Kepler-1371",2.0054;3.4462,2.0054,3.4462,3.3424,HIGH,7.35
"Kepler-108",49.1839;190.3235,49.1839,190.3235,73.7759;110.6638;165.9957,MEDIUM,9.08
"Kepler-392",5.3419;10.4231,5.3419,10.4231,10.6837,HIGH,4.02
"Kepler-336",2.0248;9.6000;20.6788,2.0248,9.6000,4.0496;8.0993,MEDIUM,7.18
"Kepler-336",2.0248;9.6000;20.6788,9.6000,20.6788,12.8000;17.0667,LOW,9.76
"Kepler-379",20.0984;62.7847,20.0984,62.7847,26.7978;35.7305;47.6406,MEDIUM,7.99
"Kepler-306",4.6462;7.2402;17.3266;44.8410,4.6462,7.2402,6.9693,HIGH,5.94
"Kepler-306",4.6462;7.2402;17.3266;44.8410,7.2402,17.3266,9.6536;12.8715;17.1619,MEDIUM,6.69
"Kepler-306",4.6462;7.2402;17.3266;44.8410,17.3266,44.8410,21.6583;27.0729;33.8411;42.3014,MEDIUM,9.70
"Kepler-121",3.1774;41.0080,3.1774,41.0080,4.7661;7.1492;10.7238;16.0857;24.1285;36.1928,MEDIUM,8.52
"TOI-238",1.2731;8.4657,1.2731,8.4657,2.5462;5.0925,HIGH,5.55
"Kepler-169",3.2506;6.1955;8.3481;13.7671;87.0902,3.2506,6.1955,6.5012,MEDIUM,5.15
"Kepler-169",3.2506;6.1955;8.3481;13.7671;87.0902,6.1955,8.3481,12.3909,HIGH,5.03
"Kepler-169",3.2506;6.1955;8.3481;13.7671;87.0902,8.3481,13.7671,13.9135,HIGH,6.33
"Kepler-169",3.2506;6.1955;8.3481;13.7671;87.0902,13.7671,87.0902,20.6507;30.9760;46.4640;69.6960,MEDIUM,6.71
"Kepler-23",7.1000;10.7400;15.2700,7.1000,10.7400,10.6500,HIGH,4.42
"Kepler-23",7.1000;10.7400;15.2700,10.7400,15.2700,16.1100,MEDIUM,6.61
"Kepler-37",13.3670;21.3018;39.7923;51.1960,13.3670,21.3018,20.0505,MEDIUM,7.12
"Kepler-37",13.3670;21.3018;39.7923;51.1960,21.3018,39.7923,28.4025;37.8700,MEDIUM,7.73
"Kepler-37",13.3670;21.3018;39.7923;51.1960,39.7923,51.1960,53.0563,HIGH,6.95
"K2-165",2.3550;4.3827;14.1014,2.3550,4.3827,3.1400;4.1867,MEDIUM,7.59
"K2-165",2.3550;4.3827;14.1014,4.3827,14.1014,5.8437;7.7915;10.3887;13.8516,MEDIUM,7.06
"GJ 687",38.1420;727.5620,38.1420,727.5620,76.2840;152.5680;305.1360;610.2720,HIGH,5.83
"Kepler-376",4.9202;14.1723,4.9202,14.1723,8.2003;13.6672,MEDIUM,8.03
"TOI-199",104.8540;273.6900,104.8540,273.6900,157.2810;235.9215,MEDIUM,9.15
"HD 110067",9.1137;13.6737;20.5196;30.7931;41.0585;54.7699,9.1137,13.6737,13.6705,HIGH,4.01
"HD 110067",9.1137;13.6737;20.5196;30.7931;41.0585;54.7699,13.6737,20.5196,20.5105,HIGH,4.02
"HD 110067",9.1137;13.6737;20.5196;30.7931;41.0585;54.7699,20.5196,30.7931,30.7794,HIGH,4.02
"HD 110067",9.1137;13.6737;20.5196;30.7931;41.0585;54.7699,30.7931,41.0585,61.5862,HIGH,4.50
"HD 110067",9.1137;13.6737;20.5196;30.7931;41.0585;54.7699,41.0585,54.7699,82.1171,HIGH,4.52
"Kepler-58",4.4581;10.2185;15.5742;40.1014,4.4581,10.2185,6.6872;10.0308,HIGH,5.12
"Kepler-58",4.4581;10.2185;15.5742;40.1014,10.2185,15.5742,15.3277,HIGH,4.80
"Kepler-58",4.4581;10.2185;15.5742;40.1014,15.5742,40.1014,19.4677;24.3346;30.4183;38.0228,MEDIUM,9.59
"Kepler-316",2.2405;6.8278,2.2405,6.8278,4.4810,HIGH,5.29
"Kepler-1001",9.1819;14.3051,9.1819,14.3051,13.7728,HIGH,5.93
"Kepler-192",6.4703;9.9267;21.2234,6.4703,9.9267,9.7054,HIGH,5.14
"Kepler-192",6.4703;9.9267;21.2234,9.9267,21.2234,13.2357;17.6475,LOW,9.51
"K2-247",2.2502;6.4942,2.2502,6.4942,3.7504;6.2506,MEDIUM,8.10
"Kepler-373",5.5353;16.7259,5.5353,16.7259,11.0706,HIGH,4.86
"Kepler-282",9.2205;13.6387;24.8060;44.3470,9.2205,13.6387,13.8308,HIGH,4.69
"Kepler-282",9.2205;13.6387;24.8060;44.3470,13.6387,24.8060,18.1850;24.2466,MEDIUM,6.80
"Kepler-282",9.2205;13.6387;24.8060;44.3470,24.8060,44.3470,33.0747;44.0996,MEDIUM,6.22
"Kepler-1491",16.5862;61.5698,16.5862,61.5698,27.6436;46.0727,MEDIUM,8.54
"Kepler-115",2.4037;8.9909,2.4037,8.9909,4.0061;6.6769,MEDIUM,8.80
"K2-80",5.6050;19.0918;28.8673,5.6050,19.0918,8.4075;12.6113;18.9169,HIGH,4.98
"K2-80",5.6050;19.0918;28.8673,19.0918,28.8673,28.6377,HIGH,4.40
"Kepler-116",5.9687;13.0716,5.9687,13.0716,9.9479,MEDIUM,9.02
"Kepler-1311",2.5357;11.1727;197.5110,2.5357,11.1727,3.3810;4.5080;6.0106;8.0142;10.6856,MEDIUM,7.63
"Kepler-1311",2.5357;11.1727;197.5110,11.1727,197.5110,16.7590;25.1386;37.7079;56.5618;84.8427;127.2640;190.8960,HIGH,5.56
"Kepler-195",8.3079;34.0969,8.3079,34.0969,16.6157;33.2315,HIGH,3.83
"TOI-451",1.8587;9.1925;16.3650,1.8587,9.1925,2.7881;4.1821;6.2731,HIGH,6.08
"TOI-451",1.8587;9.1925;16.3650,9.1925,16.3650,12.2567;16.3423,MEDIUM,6.08
"Kepler-200",8.5948;10.2222,8.5948,10.2222,17.1896,MEDIUM,6.74
"TOI-500",0.5482;6.6356;26.2330;61.3000,0.5482,6.6356,1.0964;2.1927;4.3854,HIGH,4.22
"TOI-500",0.5482;6.6356;26.2330;61.3000,6.6356,26.2330,13.2712,HIGH,3.88
"TOI-500",0.5482;6.6356;26.2330;61.3000,26.2330,61.3000,39.3495;59.0242,HIGH,5.79
"Kepler-124",3.4105;13.8214;30.9509,3.4105,13.8214,6.8210;13.6420,HIGH,3.41
"Kepler-124",3.4105;13.8214;30.9509,13.8214,30.9509,20.7321,HIGH,5.74
"GJ 1002",10.3465;21.2020,10.3465,21.2020,20.6930,HIGH,4.03
"Kepler-315",96.1011;265.4693,96.1011,265.4693,144.1517;216.2276,MEDIUM,7.83
"Kepler-341",5.1955;8.0104;27.6663;42.4733,5.1955,8.0104,7.7933,HIGH,5.39
"Kepler-341",5.1955;8.0104;27.6663;42.4733,8.0104,27.6663,12.0156;18.0234;27.0351,HIGH,5.33
"Kepler-341",5.1955;8.0104;27.6663;42.4733,27.6663,42.4733,41.4995,HIGH,5.17
"Kepler-229",6.2530;16.0686;41.1949,6.2530,16.0686,7.8162;9.7703;12.2128;15.2660,MEDIUM,9.55
"Kepler-229",6.2530;16.0686;41.1949,16.0686,41.1949,20.0858;25.1072;31.3841;39.2301,MEDIUM,9.50
"Kepler-65",2.1549;5.8599;8.1312;258.8000,2.1549,5.8599,3.2324;4.8485,MEDIUM,8.34
"Kepler-65",2.1549;5.8599;8.1312;258.8000,5.8599,8.1312,7.8133,MEDIUM,7.23
"Kepler-65",2.1549;5.8599;8.1312;258.8000,8.1312,258.8000,16.2625;32.5249;65.0498;130.0997,HIGH,3.41
"Kepler-207",1.6119;3.0716;5.8681,1.6119,3.0716,3.2237,MEDIUM,5.16
"Kepler-207",1.6119;3.0716;5.8681,3.0716,5.8681,6.1431,MEDIUM,5.04
"Kepler-163",7.8109;21.3473,7.8109,21.3473,11.7164;17.5746,MEDIUM,8.51
"GJ 676 A",3.6008;35.4736;1051.4452;13921.4230,3.6008,35.4736,7.2015;14.4030;28.8061,HIGH,5.77
"GJ 676 A",3.6008;35.4736;1051.4452;13921.4230,35.4736,1051.4452,53.2104;79.8156;119.7233;179.5850;269.3775;404.0662;606.0994;909.1491,MEDIUM,7.29
"GJ 676 A",3.6008;35.4736;1051.4452;13921.4230,1051.4452,13921.4230,2102.8904;4205.7808;8411.5617,HIGH,5.22
"HIP 57274",8.1352;32.0300;431.7000,8.1352,32.0300,16.2704,HIGH,4.08
"HIP 57274",8.1352;32.0300;431.7000,32.0300,431.7000,64.0600;128.1200;256.2400,HIGH,5.32
"Kepler-291",3.5465;5.7008,3.5465,5.7008,5.9109,HIGH,7.58
"Kepler-381",5.6290;8.2563;13.3916,5.6290,8.2563,8.4435,HIGH,5.11
"Kepler-381",5.6290;8.2563;13.3916,8.2563,13.3916,13.7605,HIGH,7.14
"Kepler-148",1.7294;4.1800;51.8469,1.7294,4.1800,2.3058;3.0744;4.0992,MEDIUM,6.94
"Kepler-148",1.7294;4.1800;51.8469,4.1800,51.8469,6.2701;9.4051;14.1076;21.1615;31.7422;47.6133,MEDIUM,8.87
"Kepler-57",5.7200;11.6000,5.7200,11.6000,11.4400,HIGH,3.50
"Kepler-1093",25.0825;89.7223,25.0825,89.7223,37.6237;56.4355;84.6533,HIGH,6.25
"Kepler-165",8.1808;15.3130,8.1808,15.3130,10.9078;14.5437,MEDIUM,7.80
"EPIC 206042996",0.3549;5.2986,0.3549,5.2986,0.5323;0.7985;1.1977;1.7966;2.6949;4.0424,MEDIUM,6.23
"HD 176986",6.4898;16.8191,6.4898,16.8191,8.1122;10.1403;12.6754;15.8442,MEDIUM,9.73
"HD 67087",352.2000;2374.0000,352.2000,2374.0000,704.4000;1408.8000,HIGH,5.84
"Kepler-616",9.9976;51.0674;90.4114,9.9976,51.0674,14.9964;22.4946;33.7420;50.6129,HIGH,5.08
"Kepler-616",9.9976;51.0674;90.4114,51.0674,90.4114,85.1123,MEDIUM,8.91
"HD 99492",17.0503;95.2330,17.0503,95.2330,34.1006;68.2012,MEDIUM,7.29
"KOI-3503",21.1850;31.8280,21.1850,31.8280,31.7775,HIGH,4.08
"TOI-1260",3.1275;7.4931;16.6082,3.1275,7.4931,4.1700;5.5599;7.4132,MEDIUM,6.72
"TOI-1260",3.1275;7.4931;16.6082,7.4931,16.6082,11.2397,HIGH,6.25
"TOI-1136",4.1727;6.2574;12.5199;18.8010;26.3210;39.5450,4.1727,6.2574,6.2591,HIGH,4.01
"TOI-1136",4.1727;6.2574;12.5199;18.8010;26.3210;39.5450,6.2574,12.5199,12.5148,HIGH,2.82
"TOI-1136",4.1727;6.2574;12.5199;18.8010;26.3210;39.5450,12.5199,18.8010,18.7798,HIGH,4.06
"TOI-1136",4.1727;6.2574;12.5199;18.8010;26.3210;39.5450,18.8010,26.3210,25.0680,MEDIUM,7.70
"TOI-1136",4.1727;6.2574;12.5199;18.8010;26.3210;39.5450,26.3210,39.5450,39.4815,HIGH,4.08
"Kepler-337",3.2928;9.6932,3.2928,9.6932,6.5856,HIGH,5.44
"K2-59",11.2954;20.6921,11.2954,20.6921,15.0605;20.0807,MEDIUM,7.05
"K2-396",0.6739;25.7605,0.6739,25.7605,1.3477;2.6954;5.3909;10.7818;21.5636,HIGH,5.51
"Kepler-284",12.6991;37.5145,12.6991,37.5145,25.3983,HIGH,5.27
"TOI-561",0.4466;10.7788;25.7127;77.1440,0.4466,10.7788,0.8931;1.7863;3.5726;7.1451,HIGH,4.01
"TOI-561",0.4466;10.7788;25.7127;77.1440,10.7788,25.7127,16.1683;24.2524,MEDIUM,6.51
"TOI-561",0.4466;10.7788;25.7127;77.1440,25.7127,77.1440,51.4254,HIGH,4.50
"HD 63433",4.2091;7.1079;20.5438,4.2091,7.1079,7.0151,HIGH,6.46
"HD 63433",4.2091;7.1079;20.5438,7.1079,20.5438,11.8466;19.7443,MEDIUM,8.15
"Kepler-168",4.4254;13.1932,4.4254,13.1932,8.8508,HIGH,4.81
"TOI-1450 A",2.0439;5.0688,2.0439,5.0688,2.7252;3.6336;4.8449,MEDIUM,7.61
"TOI-1670",10.9846;40.7498,10.9846,40.7498,18.3077;30.5128,MEDIUM,8.52
"Kepler-239",11.7631;56.2281,11.7631,56.2281,23.5261;47.0522,MEDIUM,6.91
"K2-16",2.7158;7.6188;19.0786,2.7158,7.6188,4.5263;7.5438,MEDIUM,7.13
"K2-16",2.7158;7.6188;19.0786,7.6188,19.0786,10.1584;13.5445;18.0594,MEDIUM,7.86
"Kepler-126",10.4957;21.8697;100.2831,10.4957,21.8697,20.9914,MEDIUM,4.89
"Kepler-126",10.4957;21.8697;100.2831,21.8697,100.2831,43.7395;87.4790,MEDIUM,8.60
"Kepler-619",1.2085;5.4043;11.6789,1.2085,5.4043,1.8127;2.7190;4.0786,MEDIUM,6.36
"Kepler-619",1.2085;5.4043;11.6789,5.4043,11.6789,7.2057;9.6076,LOW,9.87
"GJ 357",3.9306;9.1247;55.6610,3.9306,9.1247,5.8959;8.8438,HIGH,5.56
"GJ 357",3.9306;9.1247;55.6610,9.1247,55.6610,18.2494;36.4988,HIGH,4.72
"Kepler-131",16.0920;25.5169,16.0920,25.5169,24.1380,MEDIUM,6.86
"Kepler-271",5.2497;7.4109;10.4355,5.2497,7.4109,7.8746,MEDIUM,6.94
"Kepler-271",5.2497;7.4109;10.4355,7.4109,10.4355,11.1163,MEDIUM,7.06
"HD 66428",2269.8173;10478.8444,2269.8173,10478.8444,4539.6345;9079.2690,MEDIUM,8.83
"K2-32",4.3493;8.9920;20.6609;31.7170,4.3493,8.9920,8.6987,HIGH,4.49
"K2-32",4.3493;8.9920;20.6609;31.7170,8.9920,20.6609,13.4880;20.2320,HIGH,5.21
"K2-32",4.3493;8.9920;20.6609;31.7170,20.6609,31.7170,30.9914,HIGH,5.17
"TOI-286",4.5117;39.3618,4.5117,39.3618,9.0234;18.0469;36.0938,MEDIUM,8.97
"HD 11964",37.9100;1945.0000,37.9100,1945.0000,75.8200;151.6400;303.2800;606.5600;1213.1200,HIGH,6.00
"Kepler-101",3.4877;6.0298,3.4877,6.0298,5.8128,HIGH,7.67
"Kepler-383",12.9045;31.2008,12.9045,31.2008,17.2060;22.9414;30.5885,MEDIUM,6.95
"HD 73526",188.3000;379.1000,188.3000,379.1000,376.6000,HIGH,3.13
"Kepler-215",9.3607;14.6671;30.8644;68.1610,9.3607,14.6671,14.0410,MEDIUM,6.23
"Kepler-215",9.3607;14.6671;30.8644;68.1610,14.6671,30.8644,29.3342,MEDIUM,5.41
"Kepler-215",9.3607;14.6671;30.8644;68.1610,30.8644,68.1610,46.2966,HIGH,6.42
"Kepler-783",4.2926;7.0540,4.2926,7.0540,7.1544,HIGH,6.50
"HR 8799",20815.6000;37000.0000;69000.0000;170000.0000,20815.6000,37000.0000,27754.1333,MEDIUM,7.71
"HR 8799",20815.6000;37000.0000;69000.0000;170000.0000,37000.0000,69000.0000,49333.3333;65777.7778,MEDIUM,7.67
"HR 8799",20815.6000;37000.0000;69000.0000;170000.0000,69000.0000,170000.0000,92000.0000;122666.6667;163555.5556,MEDIUM,7.44
"TOI-1272",3.3160;8.6811,3.3160,8.6811,4.9740;7.4610,MEDIUM,9.06
"Kepler-750",4.0890;9.4289,4.0890,9.4289,6.1335;9.2002,HIGH,5.33
"Kepler-656",1.2603;5.2545,1.2603,5.2545,2.5205;5.0410,HIGH,4.38
"Kepler-223",7.3845;9.8456;14.7887;19.7257,7.3845,9.8456,14.7690,HIGH,4.50
"Kepler-223",7.3845;9.8456;14.7887;19.7257,9.8456,14.7887,14.7685,HIGH,4.07
"Kepler-223",7.3845;9.8456;14.7887;19.7257,14.7887,19.7257,29.5774,HIGH,4.52
"K2-19",2.5081;7.9222;11.8993,2.5081,7.9222,3.3441;4.4588;5.9451,MEDIUM,7.71
"K2-19",2.5081;7.9222;11.8993,7.9222,11.8993,11.8833,HIGH,4.07
"K2-58",2.5373;7.0525;22.8827,2.5373,7.0525,4.2288;7.0479,MEDIUM,6.82
"K2-58",2.5373;7.0525;22.8827,7.0525,22.8827,9.4034;12.5378;16.7171;22.2895,MEDIUM,7.23
"HD 187123",3.0966;3810.0000,3.0966,3810.0000,6.1932;12.3863;24.7727;49.5453;99.0906;198.1813;396.3626;792.7252;1585.4504;3170.9008,HIGH,4.84
"HD 140901",9.0238;14386.0000,9.0238,14386.0000,18.0476;36.0951;72.1902;144.3805;288.7610;577.5219;1155.0438;2310.0877;4620.1754;9240.3507,HIGH,6.25
"Kepler-79",13.4845;27.4029;52.0902;81.0659,13.4845,27.4029,26.9690,HIGH,3.60
"Kepler-79",13.4845;27.4029;52.0902;81.0659,27.4029,52.0902,54.8058,MEDIUM,5.28
"Kepler-79",13.4845;27.4029;52.0902;81.0659,52.0902,81.0659,78.1353,HIGH,5.88
"Kepler-1038",7.1277;148.4603,7.1277,148.4603,14.2553;28.5106;57.0213;114.0426,MEDIUM,7.45
"K2-111",5.3518;15.6805,5.3518,15.6805,10.7036,HIGH,5.67
"HATS-59",5.4161;1422.0000,5.4161,1422.0000,10.8322;21.6643;43.3286;86.6573;173.3146;346.6292;693.2584;1386.5167,HIGH,3.47
"DMPP-1",2.8820;5.5160;6.5840;18.5700,2.8820,5.5160,5.7640,MEDIUM,4.95
"DMPP-1",2.8820;5.5160;6.5840;18.5700,5.5160,6.5840,11.0320,MEDIUM,6.57
"DMPP-1",2.8820;5.5160;6.5840;18.5700,6.5840,18.5700,10.9733;18.2889,MEDIUM,7.31
"HD 153557",7.2990;15.2702;40654.6481,7.2990,15.2702,14.5981,MEDIUM,5.10
"HD 153557",7.2990;15.2702;40654.6481,15.2702,40654.6481,30.5404;61.0807;122.1614;244.3229;488.6458;977.2915;1954.5830;3909.1661;7818.3322;15636.6643;31273.3286,HIGH,5.78
"Kepler-180",13.8171;41.8858,13.8171,41.8858,27.6342,HIGH,5.02
"Kepler-399",14.4253;26.6757;58.0346,14.4253,26.6757,19.2337;25.6449,MEDIUM,7.37
"Kepler-399",14.4253;26.6757;58.0346,26.6757,58.0346,35.5676;47.4234,LOW,10.09
"TOI-4342",5.5382;10.6887,5.5382,10.6887,11.0765,HIGH,4.55
"Kepler-487",2.4184;15.3588;38.6520,2.4184,15.3588,3.6276;5.4414;8.1621;12.2431,MEDIUM,6.77
"Kepler-487",2.4184;15.3588;38.6520,15.3588,38.6520,20.4784;27.3045;36.4060,MEDIUM,7.99
"Kepler-605",2.3590;3.3835,2.3590,3.3835,3.5384,MEDIUM,6.19
"HD 115404 A",10.4949;15319.2252,10.4949,15319.2252,20.9898;41.9795;83.9590;167.9181;335.8362;671.6723;1343.3446;2686.6893;5373.3786;10746.7571,HIGH,5.99
"Kepler-1468",3.5455;8.2398;19.5906,3.5455,8.2398,5.3183;7.9774,HIGH,5.60
"Kepler-1468",3.5455;8.2398;19.5906,8.2398,19.5906,12.3598;18.5397,HIGH,6.39
"Kepler-259",8.1153;36.9249,8.1153,36.9249,12.1730;18.2595;27.3892,MEDIUM,6.48
"K2-154",3.6763;7.9549,3.6763,7.9549,4.9017;6.5356,LOW,9.91
"Kepler-1859",2.7296;3.5965,2.7296,3.5965,5.4592,HIGH,5.09
"Kepler-307",10.4208;13.0729,10.4208,13.0729,13.8944,MEDIUM,8.16
"Kepler-234",2.7115;7.2120,2.7115,7.2120,5.4230,HIGH,5.83
"Kepler-249",3.3065;7.1137;15.3685,3.3065,7.1137,4.4087;5.8783,LOW,9.72
"Kepler-249",3.3065;7.1137;15.3685,7.1137,15.3685,9.4849;12.6466,LOW,9.86
"Kepler-250",4.1481;7.1568;17.6483,4.1481,7.1568,6.9136,HIGH,7.56
"Kepler-250",4.1481;7.1568;17.6483,7.1568,17.6483,9.5424;12.7232;16.9643,MEDIUM,7.46
"TOI-125",4.6538;9.1506;19.9800,4.6538,9.1506,9.3076,HIGH,3.64
"TOI-125",4.6538;9.1506;19.9800,9.1506,19.9800,15.2510,MEDIUM,9.17
"TOI-663",2.5989;4.6956;7.1027,2.5989,4.6956,3.4652;4.6203,MEDIUM,6.58
"TOI-663",2.5989;4.6956;7.1027,4.6956,7.1027,7.0433,HIGH,4.42
"TOI-904",10.8772;83.9997,10.8772,83.9997,16.3158;24.4737;36.7105;55.0658;82.5987,HIGH,5.28
"EPIC 212297394",2.2894;5.2140,2.2894,5.2140,3.4340;5.1511,HIGH,4.91
"Kepler-295",12.6452;21.5263;33.8841,12.6452,21.5263,21.0753,HIGH,6.87
"Kepler-295",12.6452;21.5263;33.8841,21.5263,33.8841,32.2894,MEDIUM,6.47
"Kepler-262",13.0609;21.8537,13.0609,21.8537,21.7681,HIGH,6.00
"TOI-4600",82.6869;482.8191,82.6869,482.8191,110.2492;146.9989;195.9986;261.3314;348.4419;464.5892,MEDIUM,7.55
"HD 141399",94.4400;201.9900;1069.8000;5000.0000,94.4400,201.9900,125.9200;167.8933,LOW,9.52
"HD 141399",94.4400;201.9900;1069.8000;5000.0000,201.9900,1069.8000,403.9800;807.9600,HIGH,5.26
"HD 141399",94.4400;201.9900;1069.8000;5000.0000,1069.8000,5000.0000,2139.6000;4279.2000,MEDIUM,7.68
"LHS 1140",3.7779;24.7372,3.7779,24.7372,5.6669;8.5004;12.7505;19.1258,MEDIUM,8.92
"HAT-P-2",5.6335;8500.0000,5.6335,8500.0000,11.2670;22.5341;45.0681;90.1363;180.2725;360.5450;721.0900;1442.1800;2884.3601;5768.7202,HIGH,3.84
"K2-316",1.1330;5.2600,1.1330,5.2600,2.2660;4.5320,MEDIUM,7.81
"TOI-1062",4.1130;7.9720,4.1130,7.9720,8.2259,HIGH,4.34
"Kepler-896",29.5423;144.5474,29.5423,144.5474,59.0845;118.1690,MEDIUM,7.41
"Kepler-132",6.1782;6.4149;18.0102;110.2869,6.1782,6.4149,12.3564,HIGH,5.22
"Kepler-132",6.1782;6.4149;18.0102;110.2869,6.4149,18.0102,10.6915;17.8192,MEDIUM,7.16
"Kepler-132",6.1782;6.4149;18.0102;110.2869,18.0102,110.2869,36.0204;72.0408,HIGH,4.85
"Kepler-607",0.6382;39.6768,0.6382,39.6768,1.2763;2.5527;5.1053;10.2106;20.4212,HIGH,3.78
"HD 48948",7.3401;38.0600;151.9200,7.3401,38.0600,11.0102;16.5153;24.7729;37.1594,HIGH,5.38
"HD 48948",7.3401;38.0600;151.9200,38.0600,151.9200,76.1200,HIGH,3.41
"Kepler-1090",42.4272;198.6802,42.4272,198.6802,84.8544;169.7088,MEDIUM,7.75
"Kepler-299",2.9271;6.8859;15.0548;38.2855,2.9271,6.8859,4.3907;6.5860,HIGH,6.02
"Kepler-299",2.9271;6.8859;15.0548;38.2855,6.8859,15.0548,11.4765,MEDIUM,9.11
"Kepler-299",2.9271;6.8859;15.0548;38.2855,15.0548,38.2855,25.0913,MEDIUM,8.16
"K2-395",4.8034;8.4913,4.8034,8.4913,8.0056,MEDIUM,8.83
"Kepler-1894",2.7627;5.0537,2.7627,5.0537,3.6835;4.9114,MEDIUM,7.00
"Kepler-247",3.3362;9.4395;20.4779,3.3362,9.4395,5.5603;9.2671,MEDIUM,7.42
"Kepler-247",3.3362;9.4395;20.4779,9.4395,20.4779,12.5859;16.7812,LOW,10.00
"Kepler-320",8.3716;17.9349,8.3716,17.9349,11.1621;14.8828,LOW,9.57
"WASP-8",8.1587;4323.0000,8.1587,4323.0000,16.3174;32.6349;65.2698;130.5395;261.0790;522.1581;1044.3162;2088.6323;4177.2646,HIGH,3.55
"Kepler-1649",8.6891;19.5353,8.6891,19.5353,13.0336,HIGH,5.54
"TOI-1836",1.7727;20.3808,1.7727,20.3808,2.6591;3.9887;5.9830;8.9745;13.4618;20.1927,HIGH,5.20
"TOI-1294",3.9153;159.9000,3.9153,159.9000,5.8729;8.8094;13.2141;19.8212;29.7317;44.5976;66.8964;100.3447;150.5170,HIGH,5.82
"Kepler-208",4.2286;7.4666;11.1318;16.2595,4.2286,7.4666,7.0477,MEDIUM,8.77
"Kepler-208",4.2286;7.4666;11.1318;16.2595,7.4666,11.1318,11.1999,HIGH,4.30
"Kepler-208",4.2286;7.4666;11.1318;16.2595,11.1318,16.2595,16.6977,HIGH,5.31
"Kepler-653",0.9004;14.7075,0.9004,14.7075,1.8008;3.6015;7.2030;14.4060,HIGH,3.52
"HD 18143",10.2851;28982.4176,10.2851,28982.4176,20.5702;41.1404;82.2808;164.5616;329.1232;658.2464;1316.4928;2632.9856;5265.9712;10531.9424;21063.8848,HIGH,6.24
"GJ 682",17.4780;57.3200,17.4780,57.3200,23.3040;31.0720;41.4293;55.2391,MEDIUM,7.45
"K2-170",7.5765;12.4000,7.5765,12.4000,12.6276,HIGH,6.70
"K2-63",20.2570;25.4556,20.2570,25.4556,27.0093,MEDIUM,8.08
"EPIC 206024342",0.9117;4.5076;14.6475,0.9117,4.5076,1.3676;2.0514;3.0771,HIGH,6.09
"EPIC 206024342",0.9117;4.5076;14.6475,4.5076,14.6475,6.0101;8.0134;10.6846;14.2461,MEDIUM,7.26
"Kepler-865",6.2092;14.1640,6.2092,14.1640,9.3138;13.9707,HIGH,4.96
"HD 133131 A",649.0000;3568.0000,649.0000,3568.0000,973.5000;1460.2500;2190.3750;3285.5625,MEDIUM,9.79
"Kepler-1530",2.5904;5.3227;9.2076,2.5904,5.3227,5.1809,HIGH,4.17
"Kepler-1530",2.5904;5.3227;9.2076,5.3227,9.2076,8.8712,HIGH,7.70
"Kepler-252",6.6684;10.8485,6.6684,10.8485,11.1140,HIGH,6.99
"TOI-178",1.9146;3.2384;6.5577;9.9619;15.2319;20.7095,1.9146,3.2384,3.1909,HIGH,6.54
"TOI-178",1.9146;3.2384;6.5577;9.9619;15.2319;20.7095,3.2384,6.5577,6.4769,HIGH,3.42
"TOI-178",1.9146;3.2384;6.5577;9.9619;15.2319;20.7095,6.5577,9.9619,9.8365,HIGH,4.64
"TOI-178",1.9146;3.2384;6.5577;9.9619;15.2319;20.7095,9.9619,15.2319,14.9428,HIGH,4.97
"TOI-178",1.9146;3.2384;6.5577;9.9619;15.2319;20.7095,15.2319,20.7095,30.4638,HIGH,5.49
"Kepler-318",4.6627;11.8150,4.6627,11.8150,9.3254,MEDIUM,7.58
"Kepler-647",16.2255;29.6663,16.2255,29.6663,21.6340;28.8453,MEDIUM,6.98
"Kepler-1542",2.8922;3.9512;5.1012;5.9927,2.8922,3.9512,5.7845,HIGH,5.73
"Kepler-1542",2.8922;3.9512;5.1012;5.9927,3.9512,5.1012,5.2682,HIGH,6.79
"Kepler-1542",2.8922;3.9512;5.1012;5.9927,5.1012,5.9927,10.2023,MEDIUM,7.35
"Kepler-261",10.3812;24.5709,10.3812,24.5709,15.5718;23.3578,HIGH,6.23
"Kepler-949",8.6893;20.9976,8.6893,20.9976,11.5857;15.4477;20.5969,MEDIUM,6.94
"TOI-216",17.1607;34.5255,17.1607,34.5255,34.3215,HIGH,3.10
"HR 858",3.5853;5.9739;11.2305,3.5853,5.9739,5.9755,HIGH,5.81
"HR 858",3.5853;5.9739;11.2305,5.9739,11.2305,11.9477,MEDIUM,5.80
"GJ 1061",3.2040;6.6890;13.0310,3.2040,6.6890,6.4080,MEDIUM,4.99
"GJ 1061",3.2040;6.6890;13.0310,6.6890,13.0310,13.3780,HIGH,4.10
"KOI-984",4.2882;21.5120,4.2882,21.5120,6.4323;9.6484;14.4726,HIGH,5.73
"K2-50",3.9615;8.7529,3.9615,8.7529,5.9423,HIGH,6.40
"K2-389",8.5840;20.8513,8.5840,20.8513,11.4454;15.2605;20.3474,MEDIUM,7.07
"Kepler-561",5.3502;58.3620,5.3502,58.3620,8.0252;12.0379;18.0568;27.0852;40.6278,MEDIUM,8.79
"Kepler-141",3.1077;7.0106,3.1077,7.0106,4.6615;6.9923,HIGH,4.59
"K2-43",2.1989;3.4711,2.1989,3.4711,3.2983,MEDIUM,6.62
"K2-398",6.3930;18.7878,6.3930,18.7878,12.7860,HIGH,5.52
"Kepler-143",16.0076;27.0825,16.0076,27.0825,26.6793,HIGH,6.56
"Kepler-326",2.2483;4.5804;6.7669,2.2483,4.5804,4.4967,HIGH,3.73
"Kepler-326",2.2483;4.5804;6.7669,4.5804,6.7669,6.8705,HIGH,4.75
"TOI-1410",1.2169;47.5600,1.2169,47.5600,2.4337;4.8675;9.7350;19.4699;38.9398,HIGH,5.73
"Kepler-241",12.7181;36.0660,12.7181,36.0660,21.1968;35.3280,MEDIUM,7.50
"Kepler-25",6.2383;12.7207;122.4000,6.2383,12.7207,12.4766,HIGH,3.78
"Kepler-25",6.2383;12.7207;122.4000,12.7207,122.4000,25.4414;50.8828;101.7656,HIGH,6.16
"Kepler-19",9.2870;28.7310;62.9500,9.2870,28.7310,11.6087;14.5109;18.1387;22.6733;28.3416,MEDIUM,8.96
"Kepler-19",9.2870;28.7310;62.9500,28.7310,62.9500,47.8850,MEDIUM,9.00
"Kepler-1086",18.7843;161.5163,18.7843,161.5163,37.5685;75.1370;150.2741,MEDIUM,9.32
"K2-282",0.7053;4.1698,0.7053,4.1698,1.4106;2.8212,HIGH,4.66
"TOI-1669",2.6801;500.0000,2.6801,500.0000,5.3601;10.7202;21.4404;42.8809;85.7617;171.5234;343.0468,HIGH,6.70
"Kepler-1052",34.8538;180.9217,34.8538,180.9217,52.2807;78.4211;117.6317;176.4475,HIGH,5.41
"K2-141",0.2803;7.7485,0.2803,7.7485,0.5606;1.1213;2.2426;4.4852,MEDIUM,8.26
"HD 215152",5.7600;7.2824;10.8650;25.1967,5.7600,7.2824,7.6800,MEDIUM,7.79
"HD 215152",5.7600;7.2824;10.8650;25.1967,7.2824,10.8650,10.9236,HIGH,4.27
"HD 215152",5.7600;7.2824;10.8650;25.1967,10.8650,25.1967,16.2975;24.4462,HIGH,5.52
"Kepler-444",3.6001;4.5459;6.1894;7.7435;9.7405,3.6001,4.5459,4.8001,MEDIUM,7.85
"Kepler-444",3.6001;4.5459;6.1894;7.7435;9.7405,4.5459,6.1894,9.0918,HIGH,5.56
"Kepler-444",3.6001;4.5459;6.1894;7.7435;9.7405,6.1894,7.7435,8.2525,MEDIUM,8.28
"Kepler-444",3.6001;4.5459;6.1894;7.7435;9.7405,7.7435,9.7405,10.3247,MEDIUM,8.03
"GJ 411",12.9394;2946.0000,12.9394,2946.0000,25.8788;51.7576;103.5152;207.0304;414.0608;828.1216;1656.2432,HIGH,5.92
"GJ 806",0.9263;6.6406,0.9263,6.6406,1.8526;3.7053,MEDIUM,8.21
"HD 50499",2447.1000;8619.9000,2447.1000,8619.9000,3670.6500;5505.9750;8258.9625,HIGH,5.84
"LP 890-9",2.7299;8.4575,2.7299,8.4575,3.4124;4.2655;5.3318;6.6648;8.3310,MEDIUM,8.99
"Kepler-255",1.0456;5.7146;9.9460,1.0456,5.7146,1.5684;2.3527;3.5290;5.2935,MEDIUM,9.91
"Kepler-255",1.0456;5.7146;9.9460,5.7146,9.9460,9.5243,MEDIUM,8.01
"GJ 667 C",7.2030;28.1400;39.0260;62.2400;256.2000,7.2030,28.1400,14.4060,HIGH,4.47
"GJ 667 C",7.2030;28.1400;39.0260;62.2400;256.2000,28.1400,39.0260,37.5200,MEDIUM,7.21
"GJ 667 C",7.2030;28.1400;39.0260;62.2400;256.2000,39.0260,62.2400,65.0433,MEDIUM,7.95
"GJ 667 C",7.2030;28.1400;39.0260;62.2400;256.2000,62.2400,256.2000,124.4800;248.9600,HIGH,3.94
"HD 51608",14.0726;95.9446,14.0726,95.9446,21.1089;31.6633;47.4950;71.2425,MEDIUM,6.30
"TOI-1266",10.8945;18.8027;32.5090,10.8945,18.8027,18.1575,HIGH,7.58
"TOI-1266",10.8945;18.8027;32.5090,18.8027,32.5090,31.3378,HIGH,7.67
"K2-148",4.3839;6.9226;9.7579,4.3839,6.9226,6.5759,MEDIUM,6.64
"K2-148",4.3839;6.9226;9.7579,6.9226,9.7579,10.3839,MEDIUM,7.01
"Kepler-445",2.9842;4.8712;8.1527,2.9842,4.8712,4.9736,HIGH,6.83
"Kepler-445",2.9842;4.8712;8.1527,4.8712,8.1527,8.1187,HIGH,6.01
"HIP 97166",10.2889;16.4320,10.2889,16.4320,17.1482,MEDIUM,7.89
"HD 87816",484.1700;7596.0000,484.1700,7596.0000,968.3400;1936.6800;3873.3600,HIGH,3.79
"Kepler-411",3.0052;7.8344;31.5097;58.0204,3.0052,7.8344,4.5077;6.7616,MEDIUM,9.20
"Kepler-411",3.0052;7.8344;31.5097;58.0204,7.8344,31.5097,15.6689;31.3377,HIGH,3.15
"Kepler-411",3.0052;7.8344;31.5097;58.0204,31.5097,58.0204,42.0130;56.0173,MEDIUM,7.23
"TOI-2202",11.9126;24.6744,11.9126,24.6744,23.8252,HIGH,4.58
"GJ 273",4.7234;18.6498,4.7234,18.6498,9.4468,HIGH,3.95
"K2-172",14.3169;29.6268,14.3169,29.6268,28.6339,HIGH,4.53
"HD 184010",286.6000;484.3000;836.4000,286.6000,484.3000,477.6667,HIGH,6.49
"HD 184010",286.6000;484.3000;836.4000,484.3000,836.4000,807.1667,HIGH,7.61
"Kepler-330",8.2598;15.9554,8.2598,15.9554,16.5196,HIGH,4.51
"K2-414",4.3696;6.6690,4.3696,6.6690,6.5544,HIGH,4.87
"Kepler-377",12.5095;27.0150,12.5095,27.0150,16.6794;22.2392,LOW,9.84
"Kepler-391",7.4168;20.4854,7.4168,20.4854,11.1251;16.6877,MEDIUM,7.83
"TOI-1246",4.3074;5.9041;18.6549;37.9255,4.3074,5.9041,8.6149,HIGH,5.90
"TOI-1246",4.3074;5.9041;18.6549;37.9255,5.9041,18.6549,7.8722;10.4962;13.9950,MEDIUM,7.71
"TOI-1246",4.3074;5.9041;18.6549;37.9255,18.6549,37.9255,37.3097,HIGH,3.63
"Kepler-202",4.0694;16.2825,4.0694,16.2825,8.1389;16.2777,HIGH,2.98
"Kepler-375",12.1259;19.9863,12.1259,19.9863,20.2099,HIGH,6.35
"HD 147873",116.5960;491.5400,116.5960,491.5400,233.1920;466.3840,HIGH,4.76
"KELT-6",7.8457;1276.0000,7.8457,1276.0000,15.6914;31.3828;62.7656;125.5312;251.0624;502.1248;1004.2496,HIGH,6.37
"HD 72659",3549.3985;18207.7210,3549.3985,18207.7210,5324.0978;7986.1467;11979.2201;17968.8301,HIGH,5.17
"Kepler-123",17.2324;26.6951,17.2324,26.6951,25.8485,HIGH,5.64
"LTT 3780",0.7684;12.2523,0.7684,12.2523,1.5368;3.0735;6.1470,HIGH,3.38
"Kepler-974",0.1769;4.1945,0.1769,4.1945,0.3538;0.7076;1.4151;2.8303,HIGH,4.14
"K2-138",2.3531;3.5600;5.4048;8.2615;12.7576;41.9680,2.3531,3.5600,3.5296,HIGH,4.43
"K2-138",2.3531;3.5600;5.4048;8.2615;12.7576;41.9680,3.5600,5.4048,5.3401,HIGH,4.61
"K2-138",2.3531;3.5600;5.4048;8.2615;12.7576;41.9680,5.4048,8.2615,8.1072,HIGH,4.95
"K2-138",2.3531;3.5600;5.4048;8.2615;12.7576;41.9680,8.2615,12.7576,12.3922,HIGH,5.47
"K2-138",2.3531;3.5600;5.4048;8.2615;12.7576;41.9680,12.7576,41.9680,17.0101;22.6801;30.2402;40.3203,MEDIUM,7.52
"WASP-132",1.0115;7.1335;1816.6000,1.0115,7.1335,2.0231;4.0461,MEDIUM,7.02
"WASP-132",1.0115;7.1335;1816.6000,7.1335,1816.6000,14.2670;28.5341;57.0681;114.1363;228.2725;456.5450;913.0901,HIGH,3.37
"GJ 180",17.1330;24.3290;106.3000,17.1330,24.3290,25.6995,MEDIUM,6.67
"GJ 180",17.1330;24.3290;106.3000,24.3290,106.3000,32.4387;43.2516;57.6687;76.8917;102.5222,MEDIUM,7.48
"HD 12235",4.3631;36336.7068,4.3631,36336.7068,8.7261;17.4522;34.9044;69.8088;139.6176;279.2352;558.4704;1116.9408;2233.8816;4467.7632;8935.5264;17871.0528;35742.1056,HIGH,3.35
"Kepler-224",3.1329;5.9250;11.3494;18.6436,3.1329,5.9250,6.2658,MEDIUM,5.52
"Kepler-224",3.1329;5.9250;11.3494;18.6436,5.9250,11.3494,11.8500,MEDIUM,4.91
"Kepler-224",3.1329;5.9250;11.3494;18.6436,11.3494,18.6436,18.9157,HIGH,6.52
"Kepler-953",9.1097;88.4066,9.1097,88.4066,18.2193;36.4387;72.8774,HIGH,6.37
"HD 24040",515.4000;3668.0000,515.4000,3668.0000,773.1000;1159.6500;1739.4750;2609.2125,MEDIUM,7.68
"HD 160691",9.6392;307.9000;645.0000;3947.0000,9.6392,307.9000,19.2784;38.5568;77.1136;154.2272,HIGH,3.34
"HD 160691",9.6392;307.9000;645.0000;3947.0000,307.9000,645.0000,615.8000,MEDIUM,5.17
"HD 160691",9.6392;307.9000;645.0000;3947.0000,645.0000,3947.0000,1290.0000;2580.0000,HIGH,4.83
"HD 159243",12.6200;248.4000,12.6200,248.4000,25.2400;50.4800;100.9600;201.9200,HIGH,5.42
"GJ 317",695.6900;6500.0000,695.6900,6500.0000,1391.3800;2782.7600;5565.5200,MEDIUM,6.83
"Proxima Cen",5.1234;11.1846,5.1234,11.1846,8.5390,MEDIUM,9.18
"K2-233",2.4676;7.0602;24.3681,2.4676,7.0602,4.1126;6.8544,MEDIUM,7.80
"K2-233",2.4676;7.0602;24.3681,7.0602,24.3681,10.5904;15.8855;23.8283,HIGH,5.32
"GJ 3512",203.1090;2354.0000,203.1090,2354.0000,304.6635;456.9952;685.4929;1028.2393;1542.3590;2313.5385,HIGH,5.32
"TOI-942",4.3242;10.1563,4.3242,10.1563,6.4863;9.7295,HIGH,5.96
"HD 15906",10.9247;21.5833,10.9247,21.5833,21.8494,HIGH,3.41
"TOI-880",2.5757;6.3873,2.5757,6.3873,3.4343;4.5790;6.1054,MEDIUM,7.60
"TOI-1346",1.7623;5.5026,1.7623,5.5026,2.3497;3.1329;4.1772,MEDIUM,8.00
"K2-199",3.2254;7.3745,3.2254,7.3745,4.8381;7.2571,HIGH,5.04
"Kepler-462",84.6866;207.6200,84.6866,207.6200,112.9155;150.5540;200.7386,MEDIUM,7.31
"HIP 67851",89.2300;3128.4100,89.2300,3128.4100,178.4600;356.9200;713.8400;1427.6800;2855.3600,MEDIUM,7.47
"Kepler-285",2.6339;6.1867,2.6339,6.1867,3.9508;5.9262,HIGH,5.97
"K2-37",4.4412;6.4290;14.0919,4.4412,6.4290,6.6618,HIGH,5.75
"K2-37",4.4412;6.4290;14.0919,6.4290,14.0919,10.7151,MEDIUM,8.98
"Kepler-1834",0.7667;4.6030,0.7667,4.6030,1.5334;3.0668,HIGH,4.19
"Kepler-263",16.5681;47.3328,16.5681,47.3328,27.6135;46.0225,MEDIUM,7.75
"Kepler-1143",2.8889;210.6306,2.8889,210.6306,5.7778;11.5556;23.1112;46.2225;92.4450;184.8899,HIGH,6.26
"TOI-270",3.3602;5.6606;11.3796,3.3602,5.6606,5.6003,HIGH,6.34
"TOI-270",3.3602;5.6606;11.3796,5.6606,11.3796,11.3211,HIGH,3.06
"TOI-2015",3.3482;5.5828,3.3482,5.5828,5.5804,HIGH,5.82
"CoRoT-7",0.8536;3.6980;8.9660,0.8536,3.6980,1.1381;1.5175;2.0233;2.6978;3.5970,MEDIUM,7.33
"CoRoT-7",0.8536;3.6980;8.9660,3.6980,8.9660,4.9307;6.5742;8.7656,MEDIUM,7.02
"CoRoT-24",5.1134;11.7590,5.1134,11.7590,7.6701;11.5052,HIGH,5.24
"Kepler-495",3.4130;5.8966,3.4130,5.8966,5.6884,HIGH,7.63
"Kepler-314",2.4611;5.9604,2.4611,5.9604,3.2814;4.3752;5.8336,MEDIUM,6.99
"TOI-1694",3.7701;393.1000,3.7701,393.1000,5.6552;8.4827;12.7241;19.0862;28.6293;42.9439;64.4158;96.6237;144.9356;217.4034;326.1051,MEDIUM,6.64
"Kepler-712",21.0225;226.8905,21.0225,226.8905,42.0450;84.0899;168.1798,HIGH,5.00
"Kepler-716",3.9700;10.3717,3.9700,10.3717,5.9550;8.9325,MEDIUM,9.13
"Kepler-36",13.8682;16.2187,13.8682,16.2187,20.8024,MEDIUM,9.17
"LTT 1445 A",3.1239;5.3588,3.1239,5.3588,5.2065,HIGH,7.26
"HD 203387",512.5352;2481.0723,512.5352,2481.0723,1025.0704;2050.1408,MEDIUM,7.05
"HU Aqr",2390.0000;4368.0000,2390.0000,4368.0000,3186.6667;4248.8889,MEDIUM,6.97
"KOI-12",17.8552;2500.0000,17.8552,2500.0000,35.7104;71.4207;142.8415;285.6829;571.3658;1142.7316;2285.4633,HIGH,6.80
"WASP-18",0.9415;2.1558,0.9415,2.1558,1.4122;2.1183,HIGH,5.09
"TOI-2095",17.6648;28.1723,17.6648,28.1723,29.4414,MEDIUM,7.96
"K2-157",0.3653;25.9420;66.5000,0.3653,25.9420,0.7305;1.4610;2.9221;5.8441;11.6882;23.3765,HIGH,6.89
"K2-157",0.3653;25.9420;66.5000,25.9420,66.5000,32.4275;40.5344;50.6680;63.3350,MEDIUM,9.50
"BD-06 1339",3.8728;125.9400,3.8728,125.9400,7.7456;15.4912;30.9824;61.9648;123.9296,HIGH,3.40
"Kepler-1996",32.3762;92.7297,32.3762,92.7297,53.9603;89.9338,MEDIUM,7.84
"Kepler-395",7.0543;34.9893,7.0543,34.9893,10.5815;15.8723;23.8084,HIGH,6.01
"Kepler-864",2.4215;5.8338,2.4215,5.8338,3.2287;4.3049;5.7399,MEDIUM,6.86
"HD 189567",14.2880;33.6880,14.2880,33.6880,21.4320;32.1480,HIGH,6.10
"BD-11 4672",74.2000;1634.0000,74.2000,1634.0000,148.4000;296.8000;593.6000;1187.2000,MEDIUM,8.12
"TOI-2525",23.2856;49.2519,23.2856,49.2519,46.5712,MEDIUM,5.68
"KOI-1783",134.4628;284.2150,134.4628,284.2150,268.9256,MEDIUM,5.64
"Kepler-197",5.5993;10.3497;15.6776;25.2097,5.5993,10.3497,7.4657;9.9543,MEDIUM,7.36
"Kepler-197",5.5993;10.3497;15.6776;25.2097,10.3497,15.6776,15.5245,HIGH,4.49
"Kepler-197",5.5993;10.3497;15.6776;25.2097,15.6776,25.2097,26.1293,HIGH,7.56
"Kepler-1315",0.8434;6.5661,0.8434,6.5661,1.6868;3.3735,HIGH,4.19
"GJ 3138",1.2200;5.9740;257.8000,1.2200,5.9740,2.4401;4.8801,MEDIUM,7.44
"GJ 3138",1.2200;5.9740;257.8000,5.9740,257.8000,11.9480;23.8960;47.7920;95.5840;191.1680,HIGH,4.56
"Kepler-138",10.3134;13.7815;23.0923;38.2300,10.3134,13.7815,20.6268,HIGH,4.61
"Kepler-138",10.3134;13.7815;23.0923;38.2300,13.7815,23.0923,22.9692,HIGH,6.07
"Kepler-138",10.3134;13.7815;23.0923;38.2300,23.0923,38.2300,38.4872,HIGH,6.13
"Kepler-257",2.3827;6.5815;24.6646,2.3827,6.5815,3.5740;5.3610,MEDIUM,7.83
"Kepler-257",2.3827;6.5815;24.6646,6.5815,24.6646,10.9691;18.2819,MEDIUM,8.86
"Kepler-172",2.9403;6.3890;14.6271;35.1187,2.9403,6.3890,3.9204;5.2272,LOW,10.05
"Kepler-172",2.9403;6.3890;14.6271;35.1187,6.3890,14.6271,9.5835;14.3752,HIGH,5.08
"Kepler-172",2.9403;6.3890;14.6271;35.1187,14.6271,35.1187,19.5028;26.0038;34.6717,MEDIUM,6.77
"HD 63935",9.0588;21.4027,9.0588,21.4027,13.5882;20.3823,HIGH,6.17
"Kepler-103",15.9653;179.6098,15.9653,179.6098,23.9480;35.9220;53.8830;80.8245;121.2367,HIGH,5.71
"Kepler-175",11.9035;34.0353,11.9035,34.0353,19.8392;33.0653,MEDIUM,7.78
"Kepler-398",4.0814;6.8344;11.4194,4.0814,6.8344,6.8024,HIGH,6.04
"Kepler-398",4.0814;6.8344;11.4194,6.8344,11.4194,11.3906,HIGH,5.93
"HD 99706",841.0000;1278.0000,841.0000,1278.0000,1261.5000,HIGH,4.65
"HD 80653",0.7196;921.2000,0.7196,921.2000,1.4391;2.8783;5.7566;11.5132;23.0263;46.0527;92.1053;184.2107;368.4214;736.8428,HIGH,4.45
"Kepler-248",6.3082;16.2395,6.3082,16.2395,7.8853;9.8566;12.3207;15.4009,MEDIUM,9.59
"Kepler-730",2.8519;6.4917,2.8519,6.4917,4.2778;6.4167,HIGH,4.89
"GJ 3929",2.6162;15.0400,2.6162,15.0400,3.4883;4.6511;6.2014;8.2686;11.0248;14.6997,MEDIUM,7.32
"KOI-1599",13.6088;20.4415,13.6088,20.4415,20.4132,HIGH,4.07
"Kepler-401",14.3830;47.3182;184.2564,14.3830,47.3182,19.1774;25.5698;34.0931;45.4575,MEDIUM,7.52
"Kepler-401",14.3830;47.3182;184.2564,47.3182,184.2564,94.6364,HIGH,4.63
"GJ 433",7.3705;36.0590;5094.1050,7.3705,36.0590,14.7410;29.4820,MEDIUM,7.41
"GJ 433",7.3705;36.0590;5094.1050,36.0590,5094.1050,72.1180;144.2360;288.4720;576.9440;1153.8880;2307.7760;4615.5520,HIGH,6.69
"Pr0211",2.1461;4850.0000,2.1461,4850.0000,4.2922;8.5844;17.1688;34.3376;68.6752;137.3504;274.7008;549.4016;1098.8032;2197.6064;4395.2128,HIGH,6.03
"Kepler-111",3.3418;224.7783,3.3418,224.7783,6.6836;13.3673;26.7345;53.4690;106.9381;213.8762,HIGH,3.89
"Kepler-390",6.7381;13.0600,6.7381,13.0600,13.4762,HIGH,4.34
"HD 95089",464.4000;1785.0000,464.4000,1785.0000,696.6000;1044.9000;1567.3500,MEDIUM,9.09
"HD 113538",663.2000;1818.0000,663.2000,1818.0000,994.8000;1492.2000,MEDIUM,8.61
"K2-195",15.8530;28.4828,15.8530,28.4828,21.1373;28.1831,MEDIUM,6.39
"Kepler-344",21.9639;125.5968,21.9639,125.5968,29.2853;39.0470;52.0627;69.4169;92.5559;123.4078,MEDIUM,7.24
"TOI-700",9.9772;16.0511;27.8098;37.4240,9.9772,16.0511,16.6287,HIGH,7.54
"TOI-700",9.9772;16.0511;27.8098;37.4240,16.0511,27.8098,26.7519,HIGH,7.78
"TOI-700",9.9772;16.0511;27.8098;37.4240,27.8098,37.4240,55.6196,HIGH,4.96
"Kepler-236",8.2956;23.9681,8.2956,23.9681,13.8260;23.0434,MEDIUM,8.14
"Kepler-205",2.7556;20.3065,2.7556,20.3065,3.6742;4.8989;6.5319;8.7092;11.6122;15.4830,MEDIUM,7.93
"Kepler-937",67.6688;153.3434,67.6688,153.3434,101.5032;152.2549,HIGH,4.74
"HD 7924",5.3979;15.2990;24.4510,5.3979,15.2990,8.9965;14.9942,MEDIUM,7.48
"HD 7924",5.3979;15.2990;24.4510,15.2990,24.4510,25.4983,MEDIUM,7.85
"TOI-4010",1.3483;5.4147;14.7089;762.0000,1.3483,5.4147,2.6967;5.3933,HIGH,3.10
"TOI-4010",1.3483;5.4147;14.7089;762.0000,5.4147,14.7089,8.1220;12.1830,MEDIUM,8.30
"TOI-4010",1.3483;5.4147;14.7089;762.0000,14.7089,762.0000,22.0633;33.0949;49.6424;74.4636;111.6954;167.5431;251.3147;376.9720;565.4580,MEDIUM,6.01
"Kepler-825",3.7736;8.1818,3.7736,8.1818,5.0315;6.7086,LOW,9.98
"Kepler-311",9.1761;19.7383;232.0403,9.1761,19.7383,12.2348;16.3131,LOW,9.71
"Kepler-311",9.1761;19.7383;232.0403,19.7383,232.0403,39.4766;78.9531;157.9063,HIGH,4.51
"Kepler-415",4.1760;8.7080,4.1760,8.7080,8.3520,MEDIUM,4.93
"HAT-P-17",10.3385;5584.0000,10.3385,5584.0000,20.6770;41.3541;82.7082;165.4163;330.8326;661.6653;1323.3306;2646.6611;5293.3222,HIGH,3.75
"TOI-1408",2.1664;4.4259,2.1664,4.4259,4.3328,HIGH,3.87
"Kepler-69",13.7223;242.4613,13.7223,242.4613,20.5835;30.8753;46.3129;69.4694;104.2040;156.3060;234.4591,HIGH,5.55
"NN Ser",2883.5000;5573.5500,2883.5000,5573.5500,5767.0000,HIGH,4.48
"Kepler-216",7.6936;17.4067,7.6936,17.4067,11.5405;17.3107,HIGH,4.68
"Kepler-289",34.5383;66.0282;125.8723;330.0716,34.5383,66.0282,69.0766,MEDIUM,5.01
"Kepler-289",34.5383;66.0282;125.8723;330.0716,66.0282,125.8723,132.0564,MEDIUM,5.14
"Kepler-289",34.5383;66.0282;125.8723;330.0716,125.8723,330.0716,251.7446,HIGH,6.53
"Kepler-266",6.6183;107.7236,6.6183,107.7236,13.2367;26.4733;52.9466;105.8933,HIGH,3.45
"Kepler-270",11.4761;25.2629,11.4761,25.2629,17.2141,HIGH,6.58
"Kepler-183",5.6879;11.6371,5.6879,11.6371,11.3759,HIGH,3.95
"Kepler-280",2.1395;4.8071,2.1395,4.8071,3.2093,HIGH,5.57
"Kepler-155",5.9312;52.6618,5.9312,52.6618,8.8968;13.3452;20.0178;30.0267;45.0400,MEDIUM,7.67
"Kepler-300",10.4463;40.7150,10.4463,40.7150,20.8927,HIGH,4.58
"Kepler-214",15.6605;28.7798,15.6605,28.7798,20.8807;27.8410,MEDIUM,7.16
"Kepler-298",10.4755;22.9288;77.4736,10.4755,22.9288,17.4591,MEDIUM,9.05
"Kepler-298",10.4755;22.9288;77.4736,22.9288,77.4736,34.3932;51.5898;77.3847,HIGH,4.78
"Kepler-225",6.7390;18.7942,6.7390,18.7942,11.2316;18.7194,MEDIUM,6.93
"Kepler-329",7.4164;18.6847,7.4164,18.6847,14.8328,MEDIUM,7.29
"Kepler-286",1.7963;3.4681;5.9143;29.2213,1.7963,3.4681,3.5926,HIGH,4.53
"Kepler-286",1.7963;3.4681;5.9143;29.2213,3.4681,5.9143,5.7802,HIGH,6.96
"Kepler-286",1.7963;3.4681;5.9143;29.2213,5.9143,29.2213,11.8286;23.6573,HIGH,6.29
"Kepler-226",3.9410;5.3496;8.1090,3.9410,5.3496,7.8820,HIGH,5.40
"Kepler-226",3.9410;5.3496;8.1090,5.3496,8.1090,8.0243,HIGH,4.53
"Kepler-386",12.3104;25.1935,12.3104,25.1935,24.6209,HIGH,3.96
"Kepler-222",3.9370;10.0888;28.0819,3.9370,10.0888,4.9212;6.1515;7.6894;9.6118,MEDIUM,9.49
"Kepler-222",3.9370;10.0888;28.0819,10.0888,28.0819,16.8147;28.0245,MEDIUM,6.87
"Kepler-104",11.4275;23.6682;51.7554,11.4275,23.6682,22.8551,HIGH,4.58
"Kepler-104",11.4275;23.6682;51.7554,23.6682,51.7554,39.4470,MEDIUM,9.10
"Kepler-363",3.6146;7.5424;11.9321,3.6146,7.5424,7.2291,MEDIUM,4.97
"Kepler-363",3.6146;7.5424;11.9321,7.5424,11.9321,11.3136,MEDIUM,6.73
"Kepler-384",22.5971;45.3483,22.5971,45.3483,45.1941,HIGH,2.97
"Kepler-308",9.6949;15.3823,9.6949,15.3823,14.5424,MEDIUM,6.89
"Kepler-364",25.7457;59.9806,25.7457,59.9806,38.6186;57.9279,HIGH,5.68
"Kepler-147",12.6106;33.4164,12.6106,33.4164,25.2212,HIGH,6.01
"Kepler-382",5.2622;12.1627,5.2622,12.1627,7.8932;11.8398,HIGH,5.41
"Kepler-135",6.0025;11.4487,6.0025,11.4487,12.0051,MEDIUM,5.12
"Kepler-228",2.5665;4.1344;11.0943,2.5665,4.1344,4.2776,HIGH,7.47
"Kepler-228",2.5665;4.1344;11.0943,4.1344,11.0943,8.2689,HIGH,6.01
"Kepler-371",34.7633;67.9680,34.7633,67.9680,69.5266,HIGH,3.92
"Kepler-374",1.8978;3.2828;5.0282,1.8978,3.2828,3.1630,HIGH,7.69
"Kepler-374",1.8978;3.2828;5.0282,3.2828,5.0282,4.9242,HIGH,5.06
"Kepler-254",5.8267;12.4122;18.7465,5.8267,12.4122,7.7689;10.3585,LOW,9.48
"Kepler-254",5.8267;12.4122;18.7465,12.4122,18.7465,18.6183,HIGH,4.34
"Kepler-1610",8.7018;44.9852,8.7018,44.9852,13.0527;19.5791;29.3686;44.0529,HIGH,5.32
"Kepler-309",5.9237;105.3564,5.9237,105.3564,8.8855;13.3282;19.9923;29.9885;44.9827;67.4741;101.2112,HIGH,5.64
"Kepler-378",16.0924;28.9060,16.0924,28.9060,21.4565;28.6086,MEDIUM,6.38
"Kepler-357",6.4754;16.8584;49.4999,6.4754,16.8584,9.7132;14.5697,MEDIUM,9.24
"Kepler-357",6.4754;16.8584;49.4999,16.8584,49.4999,33.7167,HIGH,5.56
"Kepler-149",29.1989;55.3283;160.0180,29.1989,55.3283,58.3979,MEDIUM,5.43
"Kepler-149",29.1989;55.3283;160.0180,55.3283,160.0180,92.2139;153.6898,MEDIUM,8.17
"Kepler-340",14.8444;22.8247,14.8444,22.8247,22.2666,HIGH,5.25
"Kepler-110",12.6911;31.7198,12.6911,31.7198,16.9215;22.5620;30.0826,MEDIUM,7.81
"Kepler-273",2.9365;8.0149,2.9365,8.0149,4.4048;6.6072,MEDIUM,8.46
"Kepler-732",0.8930;9.4678,0.8930,9.4678,1.7861;3.5722;7.1443,HIGH,4.85
"Kepler-269",5.3267;8.1279,5.3267,8.1279,7.9901,HIGH,4.86
"Kepler-760",2.4670;8.7042,2.4670,8.7042,3.7005;5.5507;8.3260,HIGH,5.89
"Kepler-10",0.8375;45.2943;151.0600,0.8375,45.2943,1.6750;3.3500;6.6999;13.3999;26.7997,HIGH,4.87
"Kepler-10",0.8375;45.2943;151.0600,45.2943,151.0600,67.9415;101.9122,HIGH,5.89
"Kepler-142",2.0242;4.7617;41.8091,2.0242,4.7617,3.0362;4.5543,HIGH,6.02
"Kepler-142",2.0242;4.7617;41.8091,4.7617,41.8091,7.1426;10.7138;16.0707;24.1061;36.1592,MEDIUM,7.78
"Kepler-400",9.0244;17.3408,9.0244,17.3408,18.0488,HIGH,4.76
"Kepler-355",11.0319;25.7623,11.0319,25.7623,16.5478;24.8218,HIGH,5.76
"Kepler-345",7.4156;9.3874,7.4156,9.3874,9.8874,MEDIUM,7.73
"TOI-1238",0.7646;3.2947,0.7646,3.2947,1.0195;1.3593;1.8124;2.4165;3.2220,MEDIUM,7.24
"Kepler-134",5.3174;10.1058,5.3174,10.1058,10.6349,MEDIUM,5.29
"Kepler-370",4.5795;19.0229,4.5795,19.0229,9.1591;18.3181,HIGH,4.25
"Kepler-380",3.9308;7.6300,3.9308,7.6300,7.8616,HIGH,4.27
"Kepler-118",7.5185;20.1720,7.5185,20.1720,15.0370,HIGH,6.01
"Kepler-243",5.7154;20.0262,5.7154,20.0262,8.5732;12.8597;19.2896,HIGH,5.70
"Kepler-246",4.6018;11.1872,4.6018,11.1872,6.1358;8.1810;10.9080,MEDIUM,7.09
"Kepler-244",4.3118;9.7673;20.0504,4.3118,9.7673,6.4677;9.7015,HIGH,4.73
"Kepler-244",4.3118;9.7673;20.0504,9.7673,20.0504,19.5346,HIGH,4.12
"Kepler-387",6.7916;11.8375,6.7916,11.8375,11.3194,MEDIUM,8.09
"Kepler-758",4.7579;8.1935;12.1097;20.4966,4.7579,8.1935,7.9299,HIGH,7.46
"Kepler-758",4.7579;8.1935;12.1097;20.4966,8.1935,12.1097,12.2902,HIGH,4.73
"Kepler-758",4.7579;8.1935;12.1097;20.4966,12.1097,20.4966,20.1829,HIGH,6.58
"Kepler-187",4.9389;10.6403,4.9389,10.6403,6.5852;8.7802,LOW,9.76
"Kepler-362",10.3272;37.8663,10.3272,37.8663,17.2120;28.6866,MEDIUM,8.80
"Kepler-365",10.6649;17.7841,10.6649,17.7841,17.7748,HIGH,5.83
"Kepler-372",6.8497;20.0538;30.0926,6.8497,20.0538,11.4162;19.0269,MEDIUM,8.60
"Kepler-372",6.8497;20.0538;30.0926,20.0538,30.0926,30.0806,HIGH,4.02
"Kepler-152",18.2080;88.2551,18.2080,88.2551,36.4159;72.8319,MEDIUM,7.09
"Kepler-406",2.4263;4.6233,2.4263,4.6233,4.8526,MEDIUM,5.16
"Kepler-97",2.5866;789.0000,2.5866,789.0000,5.1733;10.3466;20.6931;41.3862;82.7725;165.5450;331.0899;662.1798,HIGH,5.07
"Kepler-146",31.1588;76.7322,31.1588,76.7322,41.5451;55.3934;73.8579,MEDIUM,7.42
"Kepler-181",3.1379;4.3021,3.1379,4.3021,6.2757,HIGH,5.91
"Kepler-144",5.8853;10.1047,5.8853,10.1047,9.8088,HIGH,7.31
"Kepler-182",9.8258;20.6843,9.8258,20.6843,19.6516,MEDIUM,5.43
"Kepler-156",4.9735;15.9068,4.9735,15.9068,6.6313;8.8417;11.7889;15.7186,MEDIUM,6.94
"Kepler-274",11.6348;33.1979,11.6348,33.1979,19.3913;32.3189,MEDIUM,7.71
"Kepler-174",13.9818;44.0005;247.3537,13.9818,44.0005,18.6424;24.8565;33.1420,MEDIUM,7.81
"Kepler-174",13.9818;44.0005;247.3537,44.0005,247.3537,88.0011;176.0021,MEDIUM,7.33
"XO-2 S",18.1570;120.8000,18.1570,120.8000,36.3140;72.6280,HIGH,5.53
"Kepler-196",20.7399;47.4277;122.0800,20.7399,47.4277,31.1098;46.6647,HIGH,5.05
"Kepler-196",20.7399;47.4277;122.0800,47.4277,122.0800,59.2847;74.1058;92.6323;115.7904,MEDIUM,9.59
"Kepler-218",3.6193;44.6996;124.5245,3.6193,44.6996,5.4290;8.1435;12.2153;18.3229;27.4843;41.2265,MEDIUM,8.93
"Kepler-218",3.6193;44.6996;124.5245,44.6996,124.5245,74.4993;124.1655,MEDIUM,6.90
"Kepler-94",2.5081;820.3000,2.5081,820.3000,5.0161;10.0322;20.0645;40.1290;80.2579;160.5158;321.0317;642.0634,HIGH,6.11
"Kepler-348",7.0568;17.2654,7.0568,17.2654,9.4090;12.5454;16.7272,MEDIUM,7.25
"KIC 9663113",20.7403;572.3847,20.7403,572.3847,41.4806;82.9611;165.9223;331.8445,MEDIUM,8.22
"Kepler-436",16.7971;64.0020,16.7971,64.0020,22.3962;29.8616;39.8154;53.0873,MEDIUM,8.99
"Kepler-432",52.5011;406.2000,52.5011,406.2000,78.7517;118.1275;177.1913;265.7870;398.6804,HIGH,5.31
"WASP-41",3.0524;421.0000,3.0524,421.0000,6.1048;12.2096;24.4192;48.8384;97.6768;195.3536;390.7072,HIGH,6.98
"Kepler-424",3.3119;223.3000,3.3119,223.3000,6.6237;13.2475;26.4949;52.9898;105.9797;211.9593,HIGH,3.92
"HD 128311",453.0190;921.5380,453.0190,921.5380,906.0380,HIGH,3.66
"Kepler-449",12.5824;33.6727,12.5824,33.6727,25.1648,HIGH,5.88
"HD 1461",5.7715;13.5052,5.7715,13.5052,8.6573;12.9859,HIGH,5.83
"HD 219134",3.0929;6.7646;22.7170;46.8590;94.2000;2247.0000,3.0929,6.7646,5.1549,MEDIUM,9.09
"HD 219134",3.0929;6.7646;22.7170;46.8590;94.2000;2247.0000,6.7646,22.7170,10.1469;15.2203,HIGH,5.67
"HD 219134",3.0929;6.7646;22.7170;46.8590;94.2000;2247.0000,22.7170,46.8590,45.4340,HIGH,4.37
"HD 219134",3.0929;6.7646;22.7170;46.8590;94.2000;2247.0000,46.8590,94.2000,93.7180,HIGH,3.06
"HD 219134",3.0929;6.7646;22.7170;46.8590;94.2000;2247.0000,94.2000,2247.0000,188.4000;376.8000;753.6000;1507.2000,HIGH,4.02
"OGLE-2006-BLG-109L",1788.5000;4927.5000,1788.5000,4927.5000,2682.7500;4024.1250,MEDIUM,8.78
"Kepler-430",35.9680;110.9790,35.9680,110.9790,44.9600;56.2000;70.2500;87.8125;109.7656,MEDIUM,8.92
"Kepler-799",15.1942;133.4605,15.1942,133.4605,22.7913;34.1869;51.2804;76.9206;115.3810,MEDIUM,7.78
"Kepler-769",7.4261;15.9870,7.4261,15.9870,9.9015;13.2019,LOW,9.74
"Kepler-784",17.1572;31.5923,17.1572,31.5923,22.8763;30.5018,MEDIUM,7.23
"Kepler-755",1.2691;2.8531,1.2691,2.8531,1.9036,HIGH,5.54
"Kepler-975",1.9703;5.0582,1.9703,5.0582,2.4629;3.0787;3.8483;4.8104,MEDIUM,9.53
"Kepler-963",0.9198;9.9768,0.9198,9.9768,1.3797;2.0695;3.1043;4.6564;6.9846,MEDIUM,8.70
"Kepler-466",3.7092;51.0793,3.7092,51.0793,5.5638;8.3457;12.5186;18.7779;28.1668;42.2503,MEDIUM,7.06
"Kepler-1181",4.8934;8.9348,4.8934,8.9348,6.5245;8.6993,MEDIUM,6.94
"Kepler-549",24.6148;42.9496;117.0405,24.6148,42.9496,41.0247,MEDIUM,8.15
"Kepler-549",24.6148;42.9496;117.0405,42.9496,117.0405,64.4243;96.6365,MEDIUM,8.41
"Kepler-1245",2.9366;4.3541,2.9366,4.3541,4.4049,HIGH,4.58
"Kepler-1162",32.5637;59.2841,32.5637,59.2841,43.4183;57.8910,MEDIUM,6.84
"Kepler-1126",108.5933;199.6688,108.5933,199.6688,144.7911;193.0548,MEDIUM,7.18
"Kepler-1130",3.2666;4.2723;5.4530,3.2666,4.2723,6.5333,HIGH,5.46
"Kepler-1130",3.2666;4.2723;5.4530,4.2723,5.4530,5.6963,MEDIUM,7.34
"Kepler-804",9.6519;14.3746,9.6519,14.3746,14.4778,HIGH,4.36
"HD 4203",431.8800;6700.0000,431.8800,6700.0000,863.7600;1727.5200;3455.0400,HIGH,4.06
"Kepler-1365",4.7747;7.6999,4.7747,7.6999,7.9578,HIGH,7.42
"Kepler-763",1.1966;4.0967;6.5033,1.1966,4.0967,1.7948;2.6922;4.0384,HIGH,5.11
"Kepler-763",1.1966;4.0967;6.5033,4.0967,6.5033,6.1450,MEDIUM,6.92
"Kepler-524",1.8890;7.9742,1.8890,7.9742,3.7780;7.5559,HIGH,4.81
"Kepler-534",7.3787;15.9599,7.3787,15.9599,9.8383;13.1177,LOW,9.90
"Kepler-1312",1.1161;5.4483,1.1161,5.4483,2.2322;4.4645,MEDIUM,7.33
"Kepler-1165",9.4785;29.9687,9.4785,29.9687,12.6380;16.8507;22.4676;29.9568,MEDIUM,6.71
"Kepler-1398",2.7882;4.1383,2.7882,4.1383,4.1822,HIGH,4.53
"Kepler-625",4.1654;7.7519,4.1654,7.7519,5.5538;7.4051,MEDIUM,7.59
"Kepler-1085",56.7771;219.3218,56.7771,219.3218,85.1656;127.7485;191.6227,MEDIUM,9.04
"Kepler-633",8.5034;23.7832,8.5034,23.7832,14.1723;23.6206,MEDIUM,7.03
"Kepler-1471",3.6390;11.6045,3.6390,11.6045,4.8520;6.4693;8.6258;11.5010,MEDIUM,6.88
"Kepler-598",3.7018;86.4945,3.7018,86.4945,7.4035;14.8070;29.6140;59.2281,MEDIUM,7.95
"Kepler-969",1.6829;34.1732,1.6829,34.1732,3.3659;6.7317;13.4635;26.9270,MEDIUM,7.46
"Kepler-1016",1.9545;105.6551,1.9545,105.6551,3.9090;7.8181;15.6362;31.2724;62.5448,HIGH,4.86
"Kepler-1488",6.1583;39.8190,6.1583,39.8190,9.2374;13.8561;20.7842;31.1762,MEDIUM,8.93
"Kepler-501",3.6228;5.6407,3.6228,5.6407,5.4341,HIGH,5.90
"K2-8",5.0642;10.3524,5.0642,10.3524,10.1283,HIGH,3.91
"Kepler-1600",7.2980;386.3705,7.2980,386.3705,14.5961;29.1922;58.3844;116.7688;233.5376,HIGH,4.76
"Kepler-1518",5.1118;9.6310,5.1118,9.6310,10.2236,MEDIUM,5.70
"Kepler-589",3.5247;16.5496,3.5247,16.5496,7.0493;14.0986,MEDIUM,7.84
"K2-75",7.8142;18.3110,7.8142,18.3110,11.7213;17.5819,HIGH,5.88
"K2-83",2.7470;9.9977,2.7470,9.9977,4.5783;7.6305,MEDIUM,9.04
"GJ 3293",13.2543;30.5987;48.1345;122.6196,13.2543,30.5987,19.8815;29.8222,HIGH,5.37
"GJ 3293",13.2543;30.5987;48.1345;122.6196,30.5987,48.1345,45.8980,MEDIUM,6.44
"GJ 3293",13.2543;30.5987;48.1345;122.6196,48.1345,122.6196,80.2242,MEDIUM,8.25
"K2-84",6.4215;27.8600,6.4215,27.8600,8.5620;11.4160;15.2213;20.2951;27.0601,MEDIUM,7.36
"K2-35",2.4000;5.6084,2.4000,5.6084,3.5999;5.3999,HIGH,5.79
"K2-72",5.5772;7.7602;15.1890;24.1589,5.5772,7.7602,7.4363,MEDIUM,7.38
"K2-72",5.5772;7.7602;15.1890;24.1589,7.7602,15.1890,15.5204,HIGH,3.87
"K2-72",5.5772;7.7602;15.1890;24.1589,15.1890,24.1589,22.7836,MEDIUM,7.02
"GJ 1148",41.3800;532.5800,41.3800,532.5800,82.7600;165.5200;331.0400,MEDIUM,6.94
"WASP-53",3.3098;2840.0000,3.3098,2840.0000,6.6197;13.2394;26.4788;52.9575;105.9150;211.8300;423.6601;847.3201;1694.6403,HIGH,4.36
"HD 37124",154.3780;885.5000;1862.0000,154.3780,885.5000,205.8373;274.4498;365.9330;487.9107;650.5476;867.3968,MEDIUM,7.28
"HD 37124",154.3780;885.5000;1862.0000,885.5000,1862.0000,1771.0000,MEDIUM,5.37
"HD 34445",49.1750;117.8700;214.6700;676.8000;1049.0000;5700.0000,49.1750,117.8700,65.5667;87.4222;116.5630,MEDIUM,6.73
"HD 34445",49.1750;117.8700;214.6700;676.8000;1049.0000;5700.0000,117.8700,214.6700,157.1600;209.5467,MEDIUM,6.85
"HD 34445",49.1750;117.8700;214.6700;676.8000;1049.0000;5700.0000,214.6700,676.8000,286.2267;381.6356;508.8474,MEDIUM,7.76
"HD 34445",49.1750;117.8700;214.6700;676.8000;1049.0000;5700.0000,676.8000,1049.0000,1015.2000,HIGH,5.66
"HD 34445",49.1750;117.8700;214.6700;676.8000;1049.0000;5700.0000,1049.0000,5700.0000,1573.5000;2360.2500;3540.3750;5310.5625,MEDIUM,10.02
"K2-62",6.6720;16.1966,6.6720,16.1966,8.8960;11.8614;15.8152,MEDIUM,7.05
"Kepler-20",3.6961;6.0985;10.8541;19.5783;34.9400;77.6115,3.6961,6.0985,6.1602,HIGH,6.30
"Kepler-20",3.6961;6.0985;10.8541;19.5783;34.9400;77.6115,6.0985,10.8541,8.1313;10.8418,MEDIUM,6.07
"Kepler-20",3.6961;6.0985;10.8541;19.5783;34.9400;77.6115,10.8541,19.5783,14.4721;19.2961,MEDIUM,6.52
"Kepler-20",3.6961;6.0985;10.8541;19.5783;34.9400;77.6115,19.5783,34.9400,26.1044;34.8059,MEDIUM,6.16
"Kepler-20",3.6961;6.0985;10.8541;19.5783;34.9400;77.6115,34.9400,77.6115,52.4100,HIGH,6.14
"Wolf 1061",4.8869;17.8719;217.2100,4.8869,17.8719,8.1448;13.5747,MEDIUM,8.89
"Wolf 1061",4.8869;17.8719;217.2100,17.8719,217.2100,35.7438;71.4876;142.9752,HIGH,4.32
"K2-21",9.3250;15.5019,9.3250,15.5019,15.5417,HIGH,5.93
"K2-190",10.0989;21.5740,10.0989,21.5740,13.4651;17.9535,LOW,9.48
"HD 12661",262.7086;1708.0000,262.7086,1708.0000,394.0629;591.0944;886.6416;1329.9624,MEDIUM,8.82
"K2-201",1.0598;22.7799,1.0598,22.7799,2.1196;4.2392;8.4783;16.9566,HIGH,4.65
"HD 154857",408.6000;3452.0000,408.6000,3452.0000,817.2000;1634.4000;3268.8001,HIGH,4.45
"K2-219",3.9013;6.6677;11.1373,3.9013,6.6677,6.5021,HIGH,7.07
"K2-219",3.9013;6.6677;11.1373,6.6677,11.1373,11.1128,HIGH,5.91
"K2-266",0.6585;7.8140;14.6970;19.4820,0.6585,7.8140,1.3170;2.6341;5.2682,HIGH,4.28
"K2-266",0.6585;7.8140;14.6970;19.4820,7.8140,14.6970,15.6280,MEDIUM,5.78
"K2-266",0.6585;7.8140;14.6970;19.4820,14.6970,19.4820,29.3940,HIGH,4.79
"K2-224",4.4790;10.0949,4.4790,10.0949,6.7186;10.0778,HIGH,4.56
"K2-229",0.5842;8.3273,0.5842,8.3273,0.8763;1.3145;1.9717;2.9576;4.4364;6.6546,MEDIUM,6.49
"K2-188",1.7422;7.8103,1.7422,7.8103,2.6133;3.9199;5.8798,MEDIUM,6.29
"K2-243",11.5418;24.9460,11.5418,24.9460,15.3891;20.5188,LOW,9.87
"K2-117",1.2916;5.4440,1.2916,5.4440,2.5832;5.1664,HIGH,4.76
"HD 47186",4.0845;1353.6000,4.0845,1353.6000,8.1690;16.3380;32.6760;65.3520;130.7040;261.4080;522.8160;1045.6320,HIGH,6.12
"K2-239",5.2400;7.7750;10.1150,5.2400,7.7750,7.8600,HIGH,4.54
"K2-239",5.2400;7.7750;10.1150,7.7750,10.1150,15.5500,HIGH,5.71
"K2-240",6.0340;20.5230,6.0340,20.5230,9.0510;13.5765;20.3648,HIGH,4.94
"CoRoT-20",9.2429;1675.0000,9.2429,1675.0000,18.4857;36.9714;73.9428;147.8856;295.7712;591.5424;1183.0848,HIGH,6.56
"HD 202696",517.8000;946.6000,517.8000,946.6000,690.4000;920.5333,MEDIUM,6.98
"HD 5319",637.1000;872.2000,637.1000,872.2000,1274.2000,HIGH,5.84
"HD 159868",351.0000;1184.1000,351.0000,1184.1000,526.5000;789.7500,HIGH,5.51
"K2-290",9.2117;48.3668,9.2117,48.3668,18.4233;36.8466,HIGH,5.55
"HD 75784",341.2000;7900.0000,341.2000,7900.0000,682.4000;1364.8000;2729.6000;5459.2000,MEDIUM,7.76
"HD 92788",325.8030;11611.2975,325.8030,11611.2975,651.6060;1303.2120;2606.4240;5212.8480;10425.6960,MEDIUM,7.20
"K2-90",2.9007;13.7333,2.9007,13.7333,5.8014;11.6028,MEDIUM,7.22
"HD 102329",778.1000;1123.0000,778.1000,1123.0000,1167.1500,HIGH,5.89
"HD 134060",3.2696;1291.5646,3.2696,1291.5646,6.5392;13.0784;26.1568;52.3136;104.6272;209.2544;418.5088;837.0176,HIGH,6.67
"HD 20003",11.8482;33.9239,11.8482,33.9239,19.7470;32.9117,MEDIUM,7.83
"K2-24",20.8898;42.3391,20.8898,42.3391,41.7795,HIGH,3.47
"HD 20781",5.3135;13.8905;29.1580;85.5073,5.3135,13.8905,7.9703;11.9554,MEDIUM,9.10
"HD 20781",5.3135;13.8905;29.1580;85.5073,13.8905,29.1580,27.7810,MEDIUM,5.28
"HD 20781",5.3135;13.8905;29.1580;85.5073,29.1580,85.5073,58.3160,HIGH,5.62
"HD 31527",16.5535;51.2053;271.6737,16.5535,51.2053,20.6919;25.8648;32.3311;40.4138;50.5173,MEDIUM,8.96
"HD 31527",16.5535;51.2053;271.6737,51.2053,271.6737,102.4106;204.8212,HIGH,5.21
"HD 21693",22.6786;53.7357,22.6786,53.7357,34.0179;51.0268,HIGH,6.27
"K2-189",2.5883;6.6792,2.5883,6.6792,3.2354;4.0442;5.0553;6.3191,MEDIUM,9.64
"HD 45184",5.8854;13.1354,5.8854,13.1354,8.8281,HIGH,5.90
"HD 163607",75.2203;1272.0000,75.2203,1272.0000,150.4406;300.8812;601.7624;1203.5248,HIGH,4.24
"K2-264",5.8400;19.6603,5.8400,19.6603,8.7600;13.1400,HIGH,5.58
"HD 200964",606.3000;852.5000,606.3000,852.5000,808.4000,MEDIUM,7.93
"K2-146",2.6446;4.0050,2.6446,4.0050,3.9669,HIGH,4.48
"Kepler-2001",1.0900;14.0926,1.0900,14.0926,1.6350;2.4525;3.6788;5.5182;8.2773;12.4159,MEDIUM,8.03
"EPIC 206317286",1.5825;17.5155,1.5825,17.5155,2.3738;3.5607;5.3410;8.0115;12.0173,MEDIUM,9.04
"GJ 15 A",11.4407;7600.0000,11.4407,7600.0000,22.8814;45.7628;91.5256;183.0512;366.1024;732.2048;1464.4096;2928.8192;5857.6384,HIGH,5.99
"Kepler-1869",1.7168;8.1674,1.7168,8.1674,3.4337;6.8673,MEDIUM,7.06
"Kepler-47",49.4643;187.3660;303.2270,49.4643,187.3660,65.9524;87.9365;117.2487;156.3316,MEDIUM,8.92
"Kepler-47",49.4643;187.3660;303.2270,187.3660,303.2270,312.2767,HIGH,7.25
"HD 106315",9.5524;21.0570,9.5524,21.0570,14.3286,HIGH,6.51
"GJ 143",7.7899;35.6125,7.7899,35.6125,15.5799;31.1597,MEDIUM,8.50
"K2-168",8.0507;15.8523,8.0507,15.8523,16.1014,HIGH,3.57
"HD 213885",1.0080;4.7850,1.0080,4.7850,2.0161;4.0321,MEDIUM,7.14
"HD 86226",3.9844;1628.0000,3.9844,1628.0000,7.9688;15.9377;31.8754;63.7507;127.5014;255.0029;510.0058;1020.0115,HIGH,5.44
"Kepler-1666",25.8476;40.7157,25.8476,40.7157,38.7714,MEDIUM,6.51
"HD 164922",12.4580;41.7630;75.7400;1207.0000,12.4580,41.7630,18.6870;28.0305,HIGH,5.72
"HD 164922",12.4580;41.7630;75.7400;1207.0000,41.7630,75.7400,55.6840;74.2453,MEDIUM,6.70
"HD 164922",12.4580;41.7630;75.7400;1207.0000,75.7400,1207.0000,151.4800;302.9600;605.9200,HIGH,3.40
"EPIC 249893012",3.5951;15.6240;35.7470,3.5951,15.6240,4.7935;6.3913;8.5217;11.3623;15.1497,MEDIUM,7.39
"EPIC 249893012",3.5951;15.6240;35.7470,15.6240,35.7470,23.4360;35.1540,HIGH,5.06
"KOI-142",10.9165;22.2649;1403.0000,10.9165,22.2649,21.8329,HIGH,3.79
"KOI-142",10.9165;22.2649;1403.0000,22.2649,1403.0000,44.5298;89.0597;178.1194;356.2387;712.4774,HIGH,3.56
"TOI-1468",1.8805;15.5325,1.8805,15.5325,3.7610;7.5221;15.0442,HIGH,3.86
"Kepler-1990",1.7351;4.0684,1.7351,4.0684,2.6027;3.9041,HIGH,5.90
"HD 68988",6.2771;16000.0000,6.2771,16000.0000,12.5542;25.1084;50.2169;100.4338;200.8675;401.7350;803.4701;1606.9402;3213.8803;6427.7606;12855.5213,HIGH,4.44
"HD 13808",14.1815;53.7530,14.1815,53.7530,18.9087;25.2116;33.6154;44.8205,MEDIUM,8.91
"HD 5278",14.3392;40.8700,14.3392,40.8700,23.8986;39.8310,MEDIUM,7.67
"WASP-107",5.7215;1088.0000,5.7215,1088.0000,11.4429;22.8859;45.7718;91.5436;183.0872;366.1743;732.3487,HIGH,3.87
"Kepler-1514",10.5142;217.8318,10.5142,217.8318,21.0284;42.0567;84.1134;168.2269,MEDIUM,7.34
"TOI-763",5.6057;12.2737,5.6057,12.2737,9.3428,MEDIUM,9.04
"HD 108236",3.7960;6.2034;14.1757;19.5900;29.5411,3.7960,6.2034,6.3266,HIGH,6.77
"HD 108236",3.7960;6.2034;14.1757;19.5900;29.5411,6.2034,14.1757,9.3052;13.9578,HIGH,5.02
"HD 108236",3.7960;6.2034;14.1757;19.5900;29.5411,14.1757,19.5900,18.9009,HIGH,7.02
"HD 108236",3.7960;6.2034;14.1757;19.5900;29.5411,19.5900,29.5411,29.3850,HIGH,4.27
"GJ 3473",1.1980;15.5090,1.1980,15.5090,1.7970;2.6955;4.0433;6.0649;9.0973;13.6460,MEDIUM,8.01
"HD 152843",11.6264;24.3800,11.6264,24.3800,23.2528,MEDIUM,5.22
"HD 110113",2.5410;6.7440,2.5410,6.7440,5.0820,HIGH,5.94
"TOI-1130",4.0746;8.3502,4.0746,8.3502,8.1491,HIGH,4.03
"K2-350",4.1639;19.9919,4.1639,19.9919,8.3277;16.6555,MEDIUM,6.78
"K2-185",10.6164;52.7135,10.6164,52.7135,15.9246;23.8869;35.8303,HIGH,5.98
"EPIC 212587672",15.2808;23.2286,15.2808,23.2286,22.9212,HIGH,4.67
"G 264-012",2.3054;8.0518,2.3054,8.0518,3.4581;5.1871;7.7807,HIGH,5.62
"K2-331",9.3990;22.9966,9.3990,22.9966,12.5320;16.7093;22.2791,MEDIUM,7.26
"K2-343",2.7872;7.6770,2.7872,7.6770,4.1808;6.2711,MEDIUM,8.77
"K2-348",4.6884;12.5502,4.6884,12.5502,9.3768,HIGH,5.89
"Kepler-129",15.7900;82.2000;2646.0000,15.7900,82.2000,23.6850;35.5275;53.2912;79.9369,HIGH,5.47
"Kepler-129",15.7900;82.2000;2646.0000,82.2000,2646.0000,164.4000;328.8000;657.6000;1315.2000;2630.4000,HIGH,3.23
"K2-268",2.1517;4.5286;6.1312;9.3275;26.2706,2.1517,4.5286,4.3034,MEDIUM,5.42
"K2-268",2.1517;4.5286;6.1312;9.3275;26.2706,4.5286,6.1312,9.0572,HIGH,5.27
"K2-268",2.1517;4.5286;6.1312;9.3275;26.2706,6.1312,9.3275,9.1969,HIGH,4.71
"K2-268",2.1517;4.5286;6.1312;9.3275;26.2706,9.3275,26.2706,15.5459;25.9098,MEDIUM,7.26
"EPIC 212624936",0.5787;11.8114,0.5787,11.8114,1.1573;2.3146;4.6293;9.2585,MEDIUM,7.36
"HD 136352",11.5780;27.5922;107.2450,11.5780,27.5922,17.3670;26.0504,HIGH,6.47
"HD 136352",11.5780;27.5922;107.2450,27.5922,107.2450,55.1844,HIGH,4.72
"K2-275",3.2810;8.4388,3.2810,8.4388,4.1012;5.1265;6.4081;8.0102,MEDIUM,9.57
"HD 137496",1.6212;479.9000,1.6212,479.9000,3.2423;6.4846;12.9693;25.9386;51.8771;103.7542;207.5085;415.0170,HIGH,5.51
"Kepler-1801",10.4409;116.5832,10.4409,116.5832,15.6613;23.4920;35.2380;52.8571;79.2856,HIGH,5.83
"Kepler-1814",0.6263;2.9354,0.6263,2.9354,1.2526;2.5051,MEDIUM,7.78
"KOI-134",33.9500;67.1277,33.9500,67.1277,67.9000,HIGH,3.37
"TOI-1064",6.4439;12.2266,6.4439,12.2266,12.8877,MEDIUM,5.37
"K2-381",7.9389;16.0347;26.8030,7.9389,16.0347,15.8779,HIGH,3.29
"K2-381",7.9389;16.0347;26.8030,16.0347,26.8030,26.7244,HIGH,5.95
"YZ Cet",2.0209;3.0599;4.6563,2.0209,3.0599,3.0313,HIGH,4.47
"YZ Cet",2.0209;3.0599;4.6563,3.0599,4.6563,4.5898,HIGH,4.72
"Kepler-1972",7.5442;11.3295,7.5442,11.3295,11.3164,HIGH,4.06
"Kepler-1693",5.3637;12.0999,5.3637,12.0999,8.0456;12.0683,HIGH,4.59
"Kepler-1705",9.0350;11.2800,9.0350,11.2800,11.2938,MEDIUM,6.46
"Kepler-1656",31.5620;1919.0000,31.5620,1919.0000,47.3430;71.0145;106.5217;159.7826;239.6739;359.5109;539.2664;808.8995;1213.3493;1820.0240,HIGH,5.72
"HD 28109",22.8910;56.0082;84.2600,22.8910,56.0082,30.5214;40.6952;54.2602,MEDIUM,7.26
"HD 28109",22.8910;56.0082;84.2600,56.0082,84.2600,84.0123,HIGH,4.15
"TOI-712",9.5314;51.6991;84.8396,9.5314,51.6991,14.2970;21.4456;32.1683;48.2525,MEDIUM,10.05
"TOI-712",9.5314;51.6991;84.8396,51.6991,84.8396,86.1651,HIGH,6.57
"K2-407",4.9419;9.2245,4.9419,9.2245,6.5892;8.7856,MEDIUM,7.70
"K2-374",4.5220;16.4344,4.5220,16.4344,6.7829;10.1744;15.2616,MEDIUM,10.77
"iot Dra",510.8544;25000.0000,510.8544,25000.0000,1021.7088;2043.4176;4086.8352;8173.6704;16347.3408,HIGH,4.16
"K2-384",2.2315;4.1948;6.6796;9.7150;13.6275,2.2315,4.1948,4.4631,MEDIUM,5.81
"K2-384",2.2315;4.1948;6.6796;9.7150;13.6275,4.1948,6.6796,6.2921,MEDIUM,7.08
"K2-384",2.2315;4.1948;6.6796;9.7150;13.6275,6.6796,9.7150,10.0194,HIGH,5.52
"K2-384",2.2315;4.1948;6.6796;9.7150;13.6275,9.7150,13.6275,12.9534,MEDIUM,7.80
"HD 260655",2.7695;5.7059,2.7695,5.7059,5.5391,HIGH,4.31
"HD 73583",6.3980;18.8797,6.3980,18.8797,12.7961,HIGH,5.32
"HD 151450",21.8929;18144.7624,21.8929,18144.7624,43.7858;87.5715;175.1430;350.2861;700.5722;1401.1443;2802.2886;5604.5773;11209.1546,HIGH,6.94
"GJ 2030",2.3813;25533.1135,2.3813,25533.1135,4.7626;9.5252;19.0503;38.1006;76.2013;152.4026;304.8051;609.6102;1219.2205;2438.4410;4876.8819;9753.7638;19507.5277,HIGH,5.66
"HD 168443",58.1119;1753.1096,58.1119,1753.1096,87.1678;130.7517;196.1276;294.1913;441.2870;661.9305;992.8958;1489.3437,MEDIUM,7.29
"HD 156279",133.4035;4818.2536,133.4035,4818.2536,266.8071;533.6142;1067.2284;2134.4568;4268.9136,MEDIUM,7.09
"HD 169830",225.6737;1818.8234,225.6737,1818.8234,451.3474;902.6949;1805.3898,HIGH,3.24
"HD 30177",2514.5342;12085.4519,2514.5342,12085.4519,5029.0684;10058.1369,MEDIUM,6.81
"HD 183263",624.8740;4667.9784,624.8740,4667.9784,937.3111;1405.9666;2108.9499;3163.4248,HIGH,5.83
"HD 27894",18.0194;36.0700;5019.5424,18.0194,36.0700,36.0388,HIGH,2.84
"HD 27894",18.0194;36.0700;5019.5424,36.0700,5019.5424,72.1400;144.2800;288.5600;577.1200;1154.2400;2308.4800;4616.9600,HIGH,6.87
"HD 156098",21.8585;7841.5839,21.8585,7841.5839,43.7170;87.4340;174.8679;349.7358;699.4717;1398.9434;2797.8867;5595.7734,HIGH,5.21
"HD 155918",1.8757;17202.1945,1.8757,17202.1945,3.7513;7.5027;15.0054;30.0107;60.0214;120.0429;240.0858;480.1715;960.3430;1920.6861;3841.3722;7682.7443;15365.4886,HIGH,5.73
"HD 28185",385.5278;17417.9208,385.5278,17417.9208,771.0555;1542.1110;3084.2220;6168.4440;12336.8880,HIGH,5.84
"HD 38529",14.3099;2127.6057,14.3099,2127.6057,28.6198;57.2396;114.4792;228.9584;457.9168;915.8336;1831.6672,HIGH,5.60
"HD 43197",308.9207;9295.9735,308.9207,9295.9735,463.3811;695.0716;1042.6074;1563.9111;2345.8667;3518.8001;5278.2001;7917.3002,MEDIUM,7.26
"14 Her",1765.0389;15732.4589,1765.0389,15732.4589,2647.5584;3971.3375;5957.0063;8935.5094;13403.2641,MEDIUM,7.73
"HD 217786",2.5222;1301.3601,2.5222,1301.3601,5.0444;10.0888;20.1777;40.3554;80.7107;161.4214;322.8429;645.6858;1291.3715,HIGH,3.28
"HD 190360",17.1110;2854.0000,17.1110,2854.0000,34.2220;68.4440;136.8880;273.7760;547.5520;1095.1040;2190.2080,HIGH,6.39
"HD 25912",41.8316;26308.6562,41.8316,26308.6562,83.6631;167.3262;334.6525;669.3050;1338.6099;2677.2198;5354.4397;10708.8794;21417.7587,HIGH,4.67
"HD 74156",51.6356;2448.4873,51.6356,2448.4873,103.2713;206.5426;413.0851;826.1702;1652.3405,HIGH,4.04
"HD 105618",10.0224;77114.0716,10.0224,77114.0716,20.0449;40.0898;80.1796;160.3592;320.7184;641.4368;1282.8736;2565.7472;5131.4944;10262.9888;20525.9776;41051.9552,HIGH,6.85
"HD 111232",1169.1320;26472.4462,1169.1320,26472.4462,1753.6980;2630.5470;3945.8206;5918.7309;8878.0963;13317.1444;19975.7166,MEDIUM,6.03
"HD 142",108.4530;351.4339;10159.6428,108.4530,351.4339,144.6040;192.8053;257.0738;342.7650,MEDIUM,7.21
"HD 142",108.4530;351.4339;10159.6428,351.4339,10159.6428,702.8679;1405.7358;2811.4715;5622.9430,MEDIUM,6.68
"HD 125612",4.1547;557.6999;2822.7270,4.1547,557.6999,8.3093;16.6186;33.2373;66.4746;132.9491;265.8982;531.7965,HIGH,3.78
"HD 125612",4.1547;557.6999;2822.7270,557.6999,2822.7270,836.5499;1254.8249;1882.2373,HIGH,5.51
"HD 93351",2.4595;14010.2941,2.4595,14010.2941,4.9189;9.8378;19.6757;39.3514;78.7027;157.4054;314.8109;629.6218;1259.2435;2518.4870;5036.9741;10073.9482,HIGH,4.94
"HD 219828",3.8348;4789.8730,3.8348,4789.8730,7.6697;15.3393;30.6786;61.3573;122.7146;245.4291;490.8582;981.7165;1963.4330;3926.8659,HIGH,4.98
"TOI-2096",3.1191;6.3878,3.1191,6.3878,6.2381,HIGH,4.00
"K2-413",0.8094;5.3301,0.8094,5.3301,1.6188;3.2376,HIGH,5.87
"Kepler-68",5.3988;9.6050;632.6200;3455.0000,5.3988,9.6050,7.1983;9.5978,MEDIUM,6.06
"Kepler-68",5.3988;9.6050;632.6200;3455.0000,9.6050,632.6200,19.2101;38.4201;76.8402;153.6804;307.3609;614.7217,HIGH,3.57
"Kepler-68",5.3988;9.6050;632.6200;3455.0000,632.6200,3455.0000,948.9300;1423.3950;2135.0925;3202.6387,MEDIUM,9.92
"TOI-836",3.8167;8.5954,3.8167,8.5954,5.7251;8.5876,HIGH,4.53
"TOI-969",1.8237;1700.0000,1.8237,1700.0000,3.6475;7.2949;14.5898;29.1797;58.3594;116.7188;233.4375;466.8750;933.7500,HIGH,6.17
"GJ 367",0.3219;11.5301;34.3690,0.3219,11.5301,0.6438;1.2877;2.5754;5.1508;10.3015,MEDIUM,7.12
"GJ 367",0.3219;11.5301;34.3690,11.5301,34.3690,23.0602,HIGH,4.82
"Kepler-323",1.6783;3.5538,1.6783,3.5538,3.3567,MEDIUM,5.74
"GJ 849",1925.3100;5990.0000,1925.3100,5990.0000,2567.0800;3422.7733;4563.6978,MEDIUM,8.09
"TOI-1052",9.1397;35.8060,9.1397,35.8060,18.2794,HIGH,4.33
"GJ 328",241.8000;3771.0000,241.8000,3771.0000,483.6000;967.2000;1934.4000,HIGH,3.93
"BD-210397",1891.0000;6240.0000,1891.0000,6240.0000,2836.5000;4254.7500,HIGH,6.24
"TOI-1470",2.5271;18.0882,2.5271,18.0882,3.7906;5.6860;8.5289;12.7934,MEDIUM,7.80
"HD 74698",15.0170;3449.0000,15.0170,3449.0000,30.0340;60.0680;120.1360;240.2720;480.5440;961.0880;1922.1760,HIGH,5.81
"WASP-84",1.4469;8.5235,1.4469,8.5235,2.8938;5.7875,HIGH,4.77
"K2-3",10.0547;24.6467;44.5560,10.0547,24.6467,13.4062;17.8749;23.8333,MEDIUM,7.30
"K2-3",10.0547;24.6467;44.5560,24.6467,44.5560,32.8623;43.8164,MEDIUM,6.60
"K2-36",1.4226;5.3409,1.4226,5.3409,2.3710;3.9517,MEDIUM,8.92
"K2-38",4.0159;10.5610,4.0159,10.5610,8.0319,HIGH,6.39
"LP 791-18",0.9480;2.7534;4.9899,0.9480,2.7534,1.5800;2.6333,MEDIUM,8.32
"LP 791-18",0.9480;2.7534;4.9899,2.7534,4.9899,3.6712;4.8950,MEDIUM,6.68
"HD 47366",360.0800;677.5300,360.0800,677.5300,720.1600,MEDIUM,5.76
"TOI-5398",4.7727;10.5905,4.7727,10.5905,7.1591,HIGH,6.19
"HIP 113103",7.6103;14.2456,7.6103,14.2456,10.1471;13.5294,MEDIUM,7.80
"Kepler-1513",160.8842;841.4000,160.8842,841.4000,241.3263;361.9895;542.9842;814.4763,HIGH,5.56
"TOI-5126",5.4588;17.8999,5.4588,17.8999,7.2785;9.7046;12.9395;17.2526,MEDIUM,7.45
"Kepler-553",4.0305;328.2402,4.0305,328.2402,8.0609;16.1219;32.2437;64.4875;128.9749;257.9499,HIGH,6.60
"AU Mic",8.4631;12.7360;18.8597,8.4631,12.7360,12.6946,HIGH,4.16
"AU Mic",8.4631;12.7360;18.8597,12.7360,18.8597,19.1039,HIGH,4.64
"HD 4732",371.7400;3184.2000,371.7400,3184.2000,743.4800;1486.9600;2973.9200,MEDIUM,9.41
"Teegarden's Star",4.9063;11.4160;26.1300,4.9063,11.4160,7.3595;11.0393,HIGH,5.64
"Teegarden's Star",4.9063;11.4160;26.1300,11.4160,26.1300,17.1240;25.6860,HIGH,5.08
"TOI-544",1.5484;50.0890,1.5484,50.0890,3.0967;6.1934;12.3868;24.7736;49.5473,HIGH,3.32
"TOI-2134",9.2292;95.5000,9.2292,95.5000,18.4584;36.9168;73.8336,MEDIUM,8.00
"TOI-1288",2.6998;416.0000,2.6998,416.0000,5.3997;10.7993;21.5986;43.1972;86.3945;172.7890;345.5780,HIGH,5.14
"TOI-1386",25.8401;232.0000,25.8401,232.0000,38.7601;58.1402;87.2103;130.8155;196.2233,MEDIUM,7.86
"TOI-776",8.2466;15.6653,8.2466,15.6653,16.4932,MEDIUM,5.31
"TIC 139270665",23.6240;1010.0000,23.6240,1010.0000,47.2480;94.4960;188.9920;377.9840;755.9680,HIGH,4.40
"HIP 56998",4.4657;6.2040,4.4657,6.2040,5.9543,MEDIUM,7.30
"TOI-815",11.1973;34.9761,11.1973,34.9761,14.9297;19.9062;26.5417,MEDIUM,7.99
"TOI-1224",4.1783;17.9455,4.1783,17.9455,5.5710;7.4280;9.9041;13.2054;17.6072,MEDIUM,7.19
"HIP 8152",10.7510;19.6056,10.7510,19.6056,14.3347;19.1129,MEDIUM,6.89
"HD 73344",15.6110;65.9400;5823.0000,15.6110,65.9400,31.2220;62.4440,HIGH,4.83
"HD 73344",15.6110;65.9400;5823.0000,65.9400,5823.0000,98.9100;148.3650;222.5475;333.8213;500.7319;751.0978;1126.6467;1689.9701;2534.9551;3802.4327;5703.6490,HIGH,5.42
"TOI-421",5.1976;16.0675,5.1976,16.0675,6.4970;8.1212;10.1515;12.6894;15.8617,MEDIUM,8.95
"TOI-1338 A",95.4001;215.7900,95.4001,215.7900,143.1001;214.6502,HIGH,4.68
"TOI-1782",1.8290;4.9876,1.8290,4.9876,2.7435;4.1153,MEDIUM,8.43
"TOI-1453",4.3135;6.5887,4.3135,6.5887,6.4703,HIGH,4.92
"HD 75898",422.8200;6717.0000,422.8200,6717.0000,845.6400;1691.2800;3382.5600,HIGH,3.48
"TOI-4504",2.4261;40.5634;82.9721,2.4261,40.5634,4.8523;9.7046;19.4091;38.8182,HIGH,4.00
"TOI-4504",2.4261;40.5634;82.9721,40.5634,82.9721,81.1268,HIGH,3.94
"K2-99",18.2478;522.2000,18.2478,522.2000,36.4957;72.9913;145.9826;291.9653,MEDIUM,6.73
"EPIC 220674823",0.5713;13.3399,0.5713,13.3399,1.1426;2.2853;4.5705;9.1410,MEDIUM,7.93
"TOI-1803",6.2933;12.8858,6.2933,12.8858,12.5866,HIGH,3.99
"HD 94890",824.6100;2492.1900,824.6100,2492.1900,1649.2200,HIGH,4.87
"TIC 434398831",3.6855;6.2103,3.6855,6.2103,6.1425,HIGH,6.35
"EPIC 201595106",0.8772;9.7969,0.8772,9.7969,1.3159;1.9738;2.9607;4.4410;6.6615,HIGH,5.83
"GJ 581",3.1481;5.3686;12.9211,3.1481,5.3686,5.2468,HIGH,6.96
"GJ 581",3.1481;5.3686;12.9211,5.3686,12.9211,7.1581;9.5442;12.7256,MEDIUM,6.83
"HD 39091",6.2679;124.6400;2088.8000,6.2679,124.6400,12.5357;25.0714;50.1428;100.2856,HIGH,5.21
"HD 39091",6.2679;124.6400;2088.8000,124.6400,2088.8000,249.2800;498.5600;997.1200;1994.2400,HIGH,4.05
"TOI-6054",7.4930;12.5750,7.4930,12.5750,12.4883,HIGH,6.15
"HD 15337",4.7560;17.1805,4.7560,17.1805,7.1340;10.7010;16.0514,MEDIUM,10.91
"G 192-15",2.2748;1219.0000,2.2748,1219.0000,4.5495;9.0990;18.1981;36.3962;72.7923;145.5846;291.1693;582.3386;1164.6771,HIGH,3.67
"TOI-2458",3.7366;16.5530,3.7366,16.5530,5.6049;8.4073;12.6110,MEDIUM,6.59
"TOI-406",3.3074;13.1757,3.3074,13.1757,6.6149,HIGH,3.50
"TOI-2537",94.1022;1920.0000,94.1022,1920.0000,188.2044;376.4088;752.8176;1505.6352,MEDIUM,7.36
"TOI-771",2.3260;7.6100,2.3260,7.6100,3.1014;4.1351;5.5135;7.3514,MEDIUM,7.40
"TOI-2295",30.0333;966.5000,30.0333,966.5000,60.0666;120.1332;240.2664;480.5328;961.0657,HIGH,3.23
"HD 155358",194.3000;391.9000,194.3000,391.9000,388.6000,HIGH,3.22
"HD 156668",4.6455;811.3000,4.6455,811.3000,9.2910;18.5820;37.1640;74.3280;148.6560;297.3120;594.6240,HIGH,7.00
"61 Vir",4.2150;38.0210;123.0100,4.2150,38.0210,6.3225;9.4838;14.2256;21.3384;32.0077,MEDIUM,7.27
"61 Vir",4.2150;38.0210;123.0100,38.0210,123.0100,50.6947;67.5929;90.1239;120.1651,MEDIUM,7.17
"HD 217107",7.1268;4270.0000,7.1268,4270.0000,14.2536;28.5073;57.0146;114.0291;228.0582;456.1165;912.2330;1824.4659;3648.9318,HIGH,5.33
"7 CMa",735.1000;996.0000,735.1000,996.0000,1470.2000,HIGH,5.31
"Kepler-260",8.1874;76.0502,8.1874,76.0502,16.3748;32.7496;65.4992,MEDIUM,6.92
"Kepler-264",40.8062;140.1013,40.8062,140.1013,61.2093;91.8140;137.7210,HIGH,5.18
"K2-223",0.5056;4.5625,0.5056,4.5625,0.7584;1.1375;1.7063;2.5594;3.8392,MEDIUM,7.26
"gam Lib",414.8800;966.4900,414.8800,966.4900,622.3200;933.4800,HIGH,5.68
"V1298 Tau",8.2496;12.4032;24.1396;53.5000,8.2496,12.4032,12.3744,HIGH,4.12
"V1298 Tau",8.2496;12.4032;24.1396;53.5000,12.4032,24.1396,24.8064,HIGH,4.14
"V1298 Tau",8.2496;12.4032;24.1396;53.5000,24.1396,53.5000,36.2094,HIGH,6.25
"GJ 3323",5.3636;40.5400,5.3636,40.5400,8.0454;12.0681;18.1022;27.1532,HIGH,5.59
"Kepler-240",4.1445;7.9535,4.1445,7.9535,8.2890,MEDIUM,4.82
"Kepler-230",32.6256;91.7732,32.6256,91.7732,54.3759;90.6265,MEDIUM,7.22
"TOI-4562",225.1064;3990.0000,225.1064,3990.0000,337.6596;506.4894;759.7341;1139.6012;1709.4017;2564.1026;3846.1539,HIGH,5.59
"Kepler-227",9.4880;54.4187,9.4880,54.4187,12.6507;16.8676;22.4901;29.9868;39.9824;53.3099,MEDIUM,7.28
"Kepler-1050",15.3788;21.1285,15.3788,21.1285,30.7575,HIGH,6.02
"Kepler-313",14.9704;32.2733,14.9704,32.2733,19.9606;26.6141,LOW,9.78
"TOI-2000",3.0983;9.1271,3.0983,9.1271,6.1967,HIGH,5.40
"Kepler-109",6.4816;21.2227,6.4816,21.2227,8.6422;11.5229;15.3639;20.4852,MEDIUM,7.42
"Kepler-212",16.2576;31.8052,16.2576,31.8052,32.5152,HIGH,3.89
"Kepler-189",10.3999;20.1349,10.3999,20.1349,20.7999,HIGH,4.40
"Kepler-233",8.4724;60.4190,8.4724,60.4190,12.7086;19.0629;28.5943;42.8914,MEDIUM,7.72
"Kepler-137",8.4364;18.7358,8.4364,18.7358,12.6546,HIGH,6.15
"Kepler-417",12.3310;15.9430,12.3310,15.9430,24.6620,HIGH,6.02
"Kepler-1047",3.1890;56.1887,3.1890,56.1887,4.7835;7.1752;10.7628;16.1442;24.2163;36.3244;54.4866,HIGH,5.52
"KIC 5437945",220.1303;440.7813,220.1303,440.7813,440.2607,HIGH,2.86
"Kepler-1642",6.6514;12.2058,6.6514,12.2058,8.8685;11.8247,MEDIUM,7.11
"HD 60532",201.9000;600.1000,201.9000,600.1000,403.8000,HIGH,4.96